------------------------------------------------------
Started: 2024-03-15 02:02:37.055448
Existing_entries: 0
Fetching from https://rsshub.app/bilibili/weekly
Append: [《忍术回战》宿傩:头抬太高了，佐助:？](https://www.bilibili.com/video/BV1dy421q7ri)
Append: [【青蒜】我拿的不是枪，而是天命！真·深度解读《周处除三害》](https://www.bilibili.com/video/BV1mx4y1D75N)
Append: [4分钟记录三只流浪狗的成长故事，中途它们一起生场大病，差点都去了汪星，一路的磕磕绊绊，换来了你们的健康成长，能有你们的陪伴，我很满足，很开心。](https://www.bilibili.com/video/BV1zt421b7an)
Append: [挑战1元钱换到法拉利](https://www.bilibili.com/video/BV1Qw4m1o7Pi)
Append: [为什么制作蓝LED几乎是不可能的](https://www.bilibili.com/video/BV1wi421f71U)
Append: [这次真要看爽了！2024年4月新番导视！【泛式】](https://www.bilibili.com/video/BV1NW421A7YZ)
Append: [这个王朝，定义了中华文明！](https://www.bilibili.com/video/BV1Jz421Q7cL)
Append: [【亮记生物鉴定】网络热传生物鉴定51](https://www.bilibili.com/video/BV1pF4m1V78d)
Append: [1920-2020 百年变迁，中国女性职业服装的变化](https://www.bilibili.com/video/BV1my421B7XG)
Append: [「代号诡秘」廷 根 旧 梦 ——《诡秘之主》游戏实机场景](https://www.bilibili.com/video/BV1Xz421D7G8)
Append: [快叫你朋友来看手速挑战](https://www.bilibili.com/video/BV1mC411W7fr)
Append: [这哪是抽卡，这是大海捞针！！](https://www.bilibili.com/video/BV1KJ4m1h7v5)
Append: [两小时，四万字，带你领略周总理波澜壮阔的一生【毒舌的南瓜】](https://www.bilibili.com/video/BV1yK421b7mS)
Append: [大学生就业指导！香好几个跟头的鸡公煲！真正的小白教程！](https://www.bilibili.com/video/BV1Gz421Q7Tb)
Append: [芬兰家人第一次在成都体验火锅串串疯狂炫串直呼过瘾！被川剧吐火变脸惊到目瞪口呆！戏曲妆造惊艳众人！侄子被要电话引发全家骚动？！](https://www.bilibili.com/video/BV1Kr421W7L2)
Append: [《原神》千织角色PV——「绯织一心」](https://www.bilibili.com/video/BV15H4y1j7xF)
Append: [用一张纸，把世界“缩”成想要的样子！](https://www.bilibili.com/video/BV1dy421q73b)
Append: [一个胶佬的入坑前过程](https://www.bilibili.com/video/BV1AZ421y7qZ)
Append: [一说要钱全散了](https://www.bilibili.com/video/BV1VZ421a73d)
Append: [灵堂爆头、邪教洗脑！公映前突然换盘！尺度爽片《周处除三害》【以片概全】](https://www.bilibili.com/video/BV1oF4m1571M)
Append: [⚡等 我 当 上 教 育 部 长⚡](https://www.bilibili.com/video/BV14m411f7iy)
Append: [花导故事会](https://www.bilibili.com/video/BV12i421Z7oq)
Append: [【电影美学01】在你看到海报的那一刻，电影就已经开始了](https://www.bilibili.com/video/BV1vW421P7sB)
Append: [画面真实到可怕 氛围超级压抑的恐怖游戏《Fractured Mind》全流程惊悚实况](https://www.bilibili.com/video/BV17x4y1k7gp)
Append: [【STN快报第七季47】任何人玩了这个游戏都会变成喷子](https://www.bilibili.com/video/BV1Pr421H7xH)
Append: [与其等待别人多看我一眼多爱我一点 不如当下把自己变足够优秀](https://www.bilibili.com/video/BV15j421S7Z2)
Append: [这开局太炸裂了！当神级反派提前看了剧本，漫威重启巨制《终极入侵》有多好看？](https://www.bilibili.com/video/BV1HZ421a723)
Append: [也没啥，只是被命运捉弄了一下](https://www.bilibili.com/video/BV1Yx4y1D7GF)
Append: [申鹤+甘雨，纸上广场舞，风吹在腿上凉飕飕的。](https://www.bilibili.com/video/BV19F4m1j7rk)
Append: [这条公路，我们居然跑了4个月！](https://www.bilibili.com/video/BV14F4m157VB)
Append: [折磨！当整个MC都想要了我的命！](https://www.bilibili.com/video/BV1Zz421D7qf)
Append: [当你的女朋友是学导演的……](https://www.bilibili.com/video/BV1Gr421W74S)
Append: [2024时政梳理——马克](https://www.bilibili.com/video/BV1aC411p76y)
Append: [爆肝30天！把网友的梦拍成电影：第五期！](https://www.bilibili.com/video/BV17w4m1Z7s5)
Append: [【医学博士】打HPV疫苗3年后患了宫颈癌？| 男生也会感染HPV吗？](https://www.bilibili.com/video/BV1iC411p7yb)
Append: [30岁的我接到了26岁打给自己的一通电话。](https://www.bilibili.com/video/BV1kt421t7qu)
Append: [痛经？月经紊乱？白带异常？这些「妇科慢性病」什么时候该去看医生？](https://www.bilibili.com/video/BV1ft421t77C)
Append: [对话，陈粒粒粒粒粒粒！](https://www.bilibili.com/video/BV16i421Z7R3)
Append: [什么？UP主穿越到换装游戏了？](https://www.bilibili.com/video/BV1jK421b7Pe)
Append: [乳腺癌之后，我戴上了义乳，才知道失去乳房是一件多难以接受的事【三亿】](https://www.bilibili.com/video/BV1jt421t7Ln)
Append: [黑色晚礼服的刻晴猫猫](https://www.bilibili.com/video/BV18j421S7QY)
Append: [致命公司 M C「互相伤害版」!!？](https://www.bilibili.com/video/BV1NC411a7RL)
append_entries: 42
Finish: 2024-03-15 02:02:37.149757
------------------------------------------------------
Started: 2024-03-15 02:17:31.682772
Existing_entries: 42
Fetching from https://rsshub.app/bilibili/weekly
append_entries: 0
Finish: 2024-03-15 02:17:31.751280
------------------------------------------------------
Started: 2024-03-15 04:13:36.765762
Existing_entries: 42
Fetching from https://rsshub.app/bilibili/weekly
append_entries: 0
Finish: 2024-03-15 04:13:36.841883
------------------------------------------------------
Started: 2024-03-15 06:14:19.925272
Existing_entries: 42
Fetching from https://rsshub.app/bilibili/weekly
append_entries: 0
Finish: 2024-03-15 06:14:19.989443
------------------------------------------------------
Started: 2024-03-15 08:14:07.296857
Existing_entries: 42
Fetching from https://rsshub.app/bilibili/weekly
append_entries: 0
Finish: 2024-03-15 08:14:07.373537
------------------------------------------------------
Started: 2024-03-15 10:11:09.265297
Existing_entries: 42
Fetching from https://rsshub.app/bilibili/weekly
append_entries: 0
Finish: 2024-03-15 10:11:09.328198
------------------------------------------------------
Started: 2024-03-15 12:19:13.704122
Existing_entries: 42
Fetching from https://rsshub.app/bilibili/weekly
append_entries: 0
Finish: 2024-03-15 12:19:14.061449
------------------------------------------------------
Started: 2024-03-15 14:10:49.027597
Existing_entries: 42
Fetching from https://rsshub.app/bilibili/weekly
Append: [菩萨发烧105度做出来的免费游戏](https://www.bilibili.com/video/BV1Z2421K7Vk)
Append: [输了就死](https://www.bilibili.com/video/BV1Gx4y1S7MK)
Append: [BB大王我终于在韩国以女团成员出道了！](https://www.bilibili.com/video/BV1kC411a7eF)
Append: [饿鱼](https://www.bilibili.com/video/BV1Hw4m1d74J)
Append: [周处除三害的背后：真实的台湾邪教有多离谱变态？| 反邪教 | 佛教如来宗 | 少龙仙女班 | 伊能静 | 心灵成长 | 传销直销](https://www.bilibili.com/video/BV18Z421875r)
Append: [带全公司吃100公斤烤肉是怎样一种体验？](https://www.bilibili.com/video/BV1SJ4m1h7k8)
Append: [鬼油站简直就是一台大型的鬼秤！我们在上面和市场监管局和专业调查团队一起固定证据，实锤加油站缺斤少两。](https://www.bilibili.com/video/BV1nx4y1Q7DS)
Append: [一口气了解全球经济形势](https://www.bilibili.com/video/BV1M2421T7qk)
Append: [一年换了四十份工作，我和世界的连接却不止前进四十步。](https://www.bilibili.com/video/BV1iH4y1W7Fe)
Append: [生孩子测评！童叟无欺绝对真实！](https://www.bilibili.com/video/BV1jr421p7CS)
Append: [吗喽会忍术，谁也挡不住](https://www.bilibili.com/video/BV1mD421777U)
Append: [辣椒致死量！30元一大盆的甘肃麻辣烫，辣椒吃回本了！](https://www.bilibili.com/video/BV1dm411Z7mp)
Append: [“当各省风景出现在课本上”](https://www.bilibili.com/video/BV1vj421Z7qt)
Append: [在冰岛建党需要整什么活？【神奇组织16】](https://www.bilibili.com/video/BV1JS421w7jT)
Append: [TWICE的Killing Voice!快来听现场吧~](https://www.bilibili.com/video/BV1ty421q7nB)
Append: [《原神》角色演示-「千织：绮意千纫」](https://www.bilibili.com/video/BV19D42177u9)
Append: [《马家风云》第三集](https://www.bilibili.com/video/BV1yj421U7pb)
Append: [这些的东西居然全来自12年前？你还记得多少](https://www.bilibili.com/video/BV1vW421c7Xx)
Append: [【HP】盘点《哈利波特与凤凰社》原著中没有被电影还原的剧情细节！（上）](https://www.bilibili.com/video/BV14m411Z7nd)
Append: [今天在日本被道上大哥们抓住了，没想到看到了他们的另外一面](https://www.bilibili.com/video/BV1Ku4m1G7zf)
Append: [【STN快报第七季48】这次蒂法用人格征服了我](https://www.bilibili.com/video/BV1wD421E7wL)
Append: [三万字拆解奥斯卡最佳影片《奥本海默》：为什么这是诺兰生涯最佳电影？](https://www.bilibili.com/video/BV1SK421s7pw)
Append: [真的对我没感觉吗？](https://www.bilibili.com/video/BV1oW421F7Lk)
Append: [是因为我快30岁了，所以我变得爱哭了吗？](https://www.bilibili.com/video/BV16m411Z776)
Append: [职 场 废 物 3](https://www.bilibili.com/video/BV1Nw4m1o7MJ)
Append: [《黑神话：悟空》全景光线追踪+DLSS 3.5 预告片](https://www.bilibili.com/video/BV1fC41187MG)
Append: [黑色外卖勺子有毒？真的不能用？耗时7个月31项检测给你答案！| 凰家实验室](https://www.bilibili.com/video/BV19D421E73z)
Append: [世界之外「渡见春」PV：谁布慈悲，渡我见春](https://www.bilibili.com/video/BV1Nx4y1D7Wp)
Append: [《二次元神医》](https://www.bilibili.com/video/BV1ri421o747)
Append: [这一碗肯定能拿下你！](https://www.bilibili.com/video/BV1v6421c7sV)
Append: [“多年以后再看，才明白这是多么讽刺....”](https://www.bilibili.com/video/BV1Mr421H7pz)
Append: [哥哥：如何与妹妹打成一片！](https://www.bilibili.com/video/BV1Lw4m1d7q3)
Append: [211毕业也沦落个守村的下场](https://www.bilibili.com/video/BV1iu4m137gA)
Append: [故事的开始](https://www.bilibili.com/video/BV1hx4y1Q7wr)
Append: [时间轮回！当每过一天，世界就会被完全重置！我被困在了一天里！](https://www.bilibili.com/video/BV13K421x7dT)
Append: [【MrBeast官方】80万美元挑战你最大的恐惧你敢吗？](https://www.bilibili.com/video/BV17K421x75A)
Append: [终于圆梦！部落打井成功啦，整个马赛欢呼声响彻天地，梦想终成真](https://www.bilibili.com/video/BV1qt421L7xu)
Append: [失传暗语 江湖必备！一期带你看懂江湖黑话！](https://www.bilibili.com/video/BV1Mj421f7bw)
Append: [DECO*27 - ルーキー feat. 初音ミク](https://www.bilibili.com/video/BV1sx421y7GD)
Append: [没上市的麒麟芯片！华为这颗超大核麒麟9000居然真实存在](https://www.bilibili.com/video/BV12Z421a7gW)
Append: [《重生之我在霸总短剧里当保姆2》](https://www.bilibili.com/video/BV1Mr421p7bZ)
Append: [【燃】赛 博 蹦 迪 现 场](https://www.bilibili.com/video/BV1ky421i7bh)
Append: [【25分钟干货】高超的骗术，往往以最逼真的面目出现](https://www.bilibili.com/video/BV1mD42177av)
Append: [从第三世界到第一世界，华人小国的崛起之路，新加坡与李光耀（中）【历史调研室47】](https://www.bilibili.com/video/BV1Pm411o7Hx)
Append: [明星接受采访时的不同类型](https://www.bilibili.com/video/BV1Rz421f7RT)
Append: [迷人且致命的狠角色【动捕演员的精分练习】](https://www.bilibili.com/video/BV1Vr421p7fM)
append_entries: 46
Finish: 2024-03-15 14:10:49.109770
------------------------------------------------------
Started: 2024-03-15 16:14:11.998567
Existing_entries: 88
Fetching from https://rsshub.app/bilibili/weekly
append_entries: 0
Finish: 2024-03-15 16:14:12.088726
------------------------------------------------------
Started: 2024-03-15 18:14:42.343132
Existing_entries: 88
Fetching from https://rsshub.app/bilibili/weekly
append_entries: 0
Finish: 2024-03-15 18:14:42.411757
------------------------------------------------------
Started: 2024-03-15 20:13:30.713971
Existing_entries: 88
Fetching from https://rsshub.app/bilibili/weekly
append_entries: 0
Finish: 2024-03-15 20:13:30.912150
------------------------------------------------------
Started: 2024-03-15 22:10:55.641568
Existing_entries: 88
Fetching from https://rsshub.app/bilibili/weekly
append_entries: 0
Finish: 2024-03-15 22:10:55.713299
------------------------------------------------------
Started: 2024-03-16 00:48:31.825844
Existing_entries: 88
Fetching from https://rsshub.app/bilibili/weekly
append_entries: 0
Finish: 2024-03-16 00:48:31.895079
------------------------------------------------------
Started: 2024-03-16 02:15:41.999181
Existing_entries: 88
Fetching from https://rsshub.app/bilibili/weekly
append_entries: 0
Finish: 2024-03-16 02:15:42.184425
------------------------------------------------------
Started: 2024-03-16 04:12:34.876134
Existing_entries: 88
Fetching from https://rsshub.app/bilibili/weekly
append_entries: 0
Finish: 2024-03-16 04:12:35.044193
------------------------------------------------------
Started: 2024-03-16 06:13:03.889501
Existing_entries: 88
Fetching from https://rsshub.app/bilibili/weekly
append_entries: 0
Finish: 2024-03-16 06:13:03.974611
------------------------------------------------------
Started: 2024-03-16 08:12:59.885830
Existing_entries: 88
Fetching from https://rsshub.app/bilibili/weekly
append_entries: 0
Finish: 2024-03-16 08:12:59.957582
------------------------------------------------------
Started: 2024-03-16 10:11:57.104179
Existing_entries: 88
Fetching from https://rsshub.app/bilibili/weekly
append_entries: 0
Finish: 2024-03-16 10:11:57.170534
------------------------------------------------------
Started: 2024-03-16 12:20:06.697851
Existing_entries: 88
Fetching from https://rsshub.app/bilibili/weekly
append_entries: 0
Finish: 2024-03-16 12:20:06.767215
------------------------------------------------------
Started: 2024-03-16 14:09:42.770293
Existing_entries: 88
Fetching from https://rsshub.app/bilibili/weekly
append_entries: 0
Finish: 2024-03-16 14:09:42.841080
------------------------------------------------------
Started: 2024-03-16 16:12:10.731626
Existing_entries: 88
Fetching from https://rsshub.app/bilibili/weekly
append_entries: 0
Finish: 2024-03-16 16:12:10.819555
------------------------------------------------------
Started: 2024-03-16 18:13:17.798628
Existing_entries: 88
Fetching from https://rsshub.app/bilibili/weekly
append_entries: 0
Finish: 2024-03-16 18:13:17.889936
------------------------------------------------------
Started: 2024-03-16 20:10:43.397915
Existing_entries: 88
Fetching from https://rsshub.app/bilibili/weekly
append_entries: 0
Finish: 2024-03-16 20:10:43.468333
------------------------------------------------------
Started: 2024-03-16 22:10:09.400031
Existing_entries: 88
Fetching from https://rsshub.app/bilibili/weekly
append_entries: 0
Finish: 2024-03-16 22:10:09.471431
------------------------------------------------------
Started: 2024-03-17 00:52:37.977722
Existing_entries: 88
Fetching from https://rsshub.app/bilibili/weekly
append_entries: 0
Finish: 2024-03-17 00:52:38.052339
------------------------------------------------------
Started: 2024-03-17 02:19:12.478845
Existing_entries: 88
Fetching from https://rsshub.app/bilibili/weekly
append_entries: 0
Finish: 2024-03-17 02:19:12.549088
------------------------------------------------------
Started: 2024-03-17 04:13:30.987501
Existing_entries: 88
Fetching from https://rsshub.app/bilibili/weekly
append_entries: 0
Finish: 2024-03-17 04:13:33.176297
------------------------------------------------------
Started: 2024-03-17 06:13:19.569169
Existing_entries: 88
Fetching from https://rsshub.app/bilibili/weekly
append_entries: 0
Finish: 2024-03-17 06:13:19.710955
------------------------------------------------------
Started: 2024-03-17 08:13:14.443506
Existing_entries: 88
Fetching from https://rsshub.app/bilibili/weekly
append_entries: 0
Finish: 2024-03-17 08:13:14.529813
------------------------------------------------------
Started: 2024-03-17 10:10:47.251663
Existing_entries: 88
Fetching from https://rsshub.app/bilibili/weekly
append_entries: 0
Finish: 2024-03-17 10:10:47.431754
------------------------------------------------------
Started: 2024-03-17 12:18:54.851483
Existing_entries: 88
Fetching from https://rsshub.app/bilibili/weekly
append_entries: 0
Finish: 2024-03-17 12:18:54.926752
------------------------------------------------------
Started: 2024-03-17 14:08:55.277662
Existing_entries: 88
Fetching from https://rsshub.app/bilibili/weekly
append_entries: 0
Finish: 2024-03-17 14:08:55.352046
------------------------------------------------------
Started: 2024-03-17 16:12:08.257389
Existing_entries: 88
Fetching from https://rsshub.app/bilibili/weekly
append_entries: 0
Finish: 2024-03-17 16:12:08.324518
------------------------------------------------------
Started: 2024-03-17 18:12:24.754218
Existing_entries: 88
Fetching from https://rsshub.app/bilibili/weekly
append_entries: 0
Finish: 2024-03-17 18:12:24.874848
------------------------------------------------------
Started: 2024-03-17 20:10:54.372146
Existing_entries: 88
Fetching from https://rsshub.app/bilibili/weekly
append_entries: 0
Finish: 2024-03-17 20:10:54.445097
------------------------------------------------------
Started: 2024-03-17 22:09:34.734646
Existing_entries: 88
Fetching from https://rsshub.app/bilibili/weekly
append_entries: 0
Finish: 2024-03-17 22:09:34.798849
------------------------------------------------------
Started: 2024-03-18 00:51:21.650057
Existing_entries: 88
Fetching from https://rsshub.app/bilibili/weekly
append_entries: 0
Finish: 2024-03-18 00:51:21.731129
------------------------------------------------------
Started: 2024-03-18 02:17:22.894591
Existing_entries: 88
Fetching from https://rsshub.app/bilibili/weekly
append_entries: 0
Finish: 2024-03-18 02:17:22.970759
------------------------------------------------------
Started: 2024-03-18 04:13:10.148079
Existing_entries: 88
Fetching from https://rsshub.app/bilibili/weekly
append_entries: 0
Finish: 2024-03-18 04:13:10.672053
------------------------------------------------------
Started: 2024-03-18 06:15:26.441017
Existing_entries: 88
Fetching from https://rsshub.app/bilibili/weekly
append_entries: 0
Finish: 2024-03-18 06:15:26.519832
------------------------------------------------------
Started: 2024-03-18 08:15:01.427873
Existing_entries: 88
Fetching from https://rsshub.app/bilibili/weekly
append_entries: 0
Finish: 2024-03-18 08:15:01.493051
------------------------------------------------------
Started: 2024-03-18 10:12:13.674094
Existing_entries: 88
Fetching from https://rsshub.app/bilibili/weekly
append_entries: 0
Finish: 2024-03-18 10:12:13.755343
------------------------------------------------------
Started: 2024-03-18 12:20:48.111424
Existing_entries: 88
Fetching from https://rsshub.app/bilibili/weekly
append_entries: 0
Finish: 2024-03-18 12:20:48.176695
------------------------------------------------------
Started: 2024-03-18 14:11:18.336774
Existing_entries: 88
Fetching from https://rsshub.app/bilibili/weekly
append_entries: 0
Finish: 2024-03-18 14:11:18.498332
------------------------------------------------------
Started: 2024-03-18 16:14:29.404258
Existing_entries: 88
Fetching from https://rsshub.app/bilibili/weekly
append_entries: 0
Finish: 2024-03-18 16:14:29.476290
------------------------------------------------------
Started: 2024-03-18 18:13:24.013051
Existing_entries: 88
Fetching from https://rsshub.app/bilibili/weekly
append_entries: 0
Finish: 2024-03-18 18:13:24.185990
------------------------------------------------------
Started: 2024-03-18 20:11:49.790423
Existing_entries: 88
Fetching from https://rsshub.app/bilibili/weekly
append_entries: 0
Finish: 2024-03-18 20:11:49.868637
------------------------------------------------------
Started: 2024-03-18 22:10:46.002738
Existing_entries: 88
Fetching from https://rsshub.app/bilibili/weekly
append_entries: 0
Finish: 2024-03-18 22:10:46.088511
------------------------------------------------------
Started: 2024-03-19 00:49:56.447539
Existing_entries: 88
Fetching from https://rsshub.app/bilibili/weekly
append_entries: 0
Finish: 2024-03-19 00:49:56.536574
------------------------------------------------------
Started: 2024-03-19 02:17:39.613527
Existing_entries: 88
Fetching from https://rsshub.app/bilibili/weekly
append_entries: 0
Finish: 2024-03-19 02:17:39.691984
------------------------------------------------------
Started: 2024-03-19 04:13:16.840582
Existing_entries: 88
Fetching from https://rsshub.app/bilibili/weekly
append_entries: 0
Finish: 2024-03-19 04:13:16.930289
------------------------------------------------------
Started: 2024-03-19 06:13:58.776020
Existing_entries: 88
Fetching from https://rsshub.app/bilibili/weekly
append_entries: 0
Finish: 2024-03-19 06:13:58.855448
------------------------------------------------------
Started: 2024-03-19 08:14:36.201424
Existing_entries: 88
Fetching from https://rsshub.app/bilibili/weekly
append_entries: 0
Finish: 2024-03-19 08:14:36.270603
------------------------------------------------------
Started: 2024-03-19 10:11:56.731197
Existing_entries: 88
Fetching from https://rsshub.app/bilibili/weekly
append_entries: 0
Finish: 2024-03-19 10:11:56.879552
------------------------------------------------------
Started: 2024-03-19 12:19:27.306908
Existing_entries: 88
Fetching from https://rsshub.app/bilibili/weekly
append_entries: 0
Finish: 2024-03-19 12:19:27.375445
------------------------------------------------------
Started: 2024-03-19 14:10:20.884880
Existing_entries: 88
Fetching from https://rsshub.app/bilibili/weekly
append_entries: 0
Finish: 2024-03-19 14:10:20.977180
------------------------------------------------------
Started: 2024-03-19 16:14:47.162066
Existing_entries: 88
Fetching from https://rsshub.app/bilibili/weekly
append_entries: 0
Finish: 2024-03-19 16:14:47.242726
------------------------------------------------------
Started: 2024-03-19 18:13:30.579772
Existing_entries: 88
Fetching from https://rsshub.app/bilibili/weekly
append_entries: 0
Finish: 2024-03-19 18:13:30.669514
------------------------------------------------------
Started: 2024-03-19 20:11:31.271765
Existing_entries: 88
Fetching from https://rsshub.app/bilibili/weekly
append_entries: 0
Finish: 2024-03-19 20:11:31.382118
------------------------------------------------------
Started: 2024-03-19 22:10:04.588753
Existing_entries: 88
Fetching from https://rsshub.app/bilibili/weekly
append_entries: 0
Finish: 2024-03-19 22:10:04.658851
------------------------------------------------------
Started: 2024-03-20 00:49:46.364466
Existing_entries: 88
Fetching from https://rsshub.app/bilibili/weekly
append_entries: 0
Finish: 2024-03-20 00:49:46.447154
------------------------------------------------------
Started: 2024-03-20 02:16:44.156905
Existing_entries: 88
Fetching from https://rsshub.app/bilibili/weekly
append_entries: 0
Finish: 2024-03-20 02:16:44.234940
------------------------------------------------------
Started: 2024-03-20 04:14:41.832335
Existing_entries: 88
Fetching from https://rsshub.app/bilibili/weekly
append_entries: 0
Finish: 2024-03-20 04:14:41.911743
------------------------------------------------------
Started: 2024-03-20 06:14:26.329941
Existing_entries: 88
Fetching from https://rsshub.app/bilibili/weekly
append_entries: 0
Finish: 2024-03-20 06:14:26.421608
------------------------------------------------------
Started: 2024-03-20 08:13:54.931068
Existing_entries: 88
Fetching from https://rsshub.app/bilibili/weekly
append_entries: 0
Finish: 2024-03-20 08:13:54.996694
------------------------------------------------------
Started: 2024-03-20 10:11:45.653408
Existing_entries: 88
Fetching from https://rsshub.app/bilibili/weekly
append_entries: 0
Finish: 2024-03-20 10:11:45.734276
------------------------------------------------------
Started: 2024-03-20 12:20:05.889260
Existing_entries: 88
Fetching from https://rsshub.app/bilibili/weekly
append_entries: 0
Finish: 2024-03-20 12:20:05.958033
------------------------------------------------------
Started: 2024-03-20 14:10:28.201631
Existing_entries: 88
Fetching from https://rsshub.app/bilibili/weekly
append_entries: 0
Finish: 2024-03-20 14:10:28.270006
------------------------------------------------------
Started: 2024-03-20 16:16:11.390713
Existing_entries: 88
Fetching from https://rsshub.app/bilibili/weekly
append_entries: 0
Finish: 2024-03-20 16:16:11.470752
------------------------------------------------------
Started: 2024-03-20 18:13:49.617264
Existing_entries: 88
Fetching from https://rsshub.app/bilibili/weekly
append_entries: 0
Finish: 2024-03-20 18:13:49.696203
------------------------------------------------------
Started: 2024-03-20 20:12:02.773608
Existing_entries: 88
Fetching from https://rsshub.app/bilibili/weekly
append_entries: 0
Finish: 2024-03-20 20:12:02.850949
------------------------------------------------------
Started: 2024-03-20 22:09:32.798425
Existing_entries: 88
Fetching from https://rsshub.app/bilibili/weekly
append_entries: 0
Finish: 2024-03-20 22:09:32.947653
------------------------------------------------------
Started: 2024-03-21 00:51:47.123039
Existing_entries: 88
Fetching from https://rsshub.app/bilibili/weekly
append_entries: 0
Finish: 2024-03-21 00:51:47.201314
------------------------------------------------------
Started: 2024-03-21 02:19:06.030201
Existing_entries: 88
Fetching from https://rsshub.app/bilibili/weekly
append_entries: 0
Finish: 2024-03-21 02:19:06.096245
------------------------------------------------------
Started: 2024-03-21 04:13:34.680864
Existing_entries: 88
Fetching from https://rsshub.app/bilibili/weekly
append_entries: 0
Finish: 2024-03-21 04:13:34.774194
------------------------------------------------------
Started: 2024-03-21 06:14:16.895815
Existing_entries: 88
Fetching from https://rsshub.app/bilibili/weekly
append_entries: 0
Finish: 2024-03-21 06:14:16.970829
------------------------------------------------------
Started: 2024-03-21 08:13:26.519090
Existing_entries: 88
Fetching from https://rsshub.app/bilibili/weekly
append_entries: 0
Finish: 2024-03-21 08:13:26.590571
------------------------------------------------------
Started: 2024-03-21 10:12:13.454272
Existing_entries: 88
Fetching from https://rsshub.app/bilibili/weekly
append_entries: 0
Finish: 2024-03-21 10:12:13.553544
------------------------------------------------------
Started: 2024-03-21 12:19:34.270697
Existing_entries: 88
Fetching from https://rsshub.app/bilibili/weekly
append_entries: 0
Finish: 2024-03-21 12:19:34.350930
------------------------------------------------------
Started: 2024-03-21 14:11:05.164166
Existing_entries: 88
Fetching from https://rsshub.app/bilibili/weekly
append_entries: 0
Finish: 2024-03-21 14:11:05.249378
------------------------------------------------------
Started: 2024-03-21 16:15:13.024407
Existing_entries: 88
Fetching from https://rsshub.app/bilibili/weekly
append_entries: 0
Finish: 2024-03-21 16:15:13.113695
------------------------------------------------------
Started: 2024-03-21 18:14:02.281698
Existing_entries: 88
Fetching from https://rsshub.app/bilibili/weekly
append_entries: 0
Finish: 2024-03-21 18:14:02.356199
------------------------------------------------------
Started: 2024-03-21 20:11:56.481471
Existing_entries: 88
Fetching from https://rsshub.app/bilibili/weekly
append_entries: 0
Finish: 2024-03-21 20:11:56.578763
------------------------------------------------------
Started: 2024-03-21 22:10:50.517368
Existing_entries: 88
Fetching from https://rsshub.app/bilibili/weekly
append_entries: 0
Finish: 2024-03-21 22:10:50.593865
------------------------------------------------------
Started: 2024-03-22 00:49:57.634327
Existing_entries: 88
Fetching from https://rsshub.app/bilibili/weekly
append_entries: 0
Finish: 2024-03-22 00:49:57.715016
------------------------------------------------------
Started: 2024-03-22 02:16:41.921348
Existing_entries: 88
Fetching from https://rsshub.app/bilibili/weekly
append_entries: 0
Finish: 2024-03-22 02:16:42.000568
------------------------------------------------------
Started: 2024-03-22 04:13:25.938017
Existing_entries: 88
Fetching from https://rsshub.app/bilibili/weekly
append_entries: 0
Finish: 2024-03-22 04:13:26.008800
------------------------------------------------------
Started: 2024-03-22 06:14:10.994078
Existing_entries: 88
Fetching from https://rsshub.app/bilibili/weekly
append_entries: 0
Finish: 2024-03-22 06:14:11.061822
------------------------------------------------------
Started: 2024-03-22 08:15:31.624451
Existing_entries: 88
Fetching from https://rsshub.app/bilibili/weekly
append_entries: 0
Finish: 2024-03-22 08:15:31.699589
------------------------------------------------------
Started: 2024-03-22 10:12:42.239531
Existing_entries: 88
Fetching from https://rsshub.app/bilibili/weekly
append_entries: 0
Finish: 2024-03-22 10:12:42.311081
------------------------------------------------------
Started: 2024-03-22 12:19:48.959274
Existing_entries: 88
Fetching from https://rsshub.app/bilibili/weekly
Append: [大坏人](https://www.bilibili.com/video/BV1rK421v7ya)
Append: [“不是只有伟大的艺术家才能做出好作品”](https://www.bilibili.com/video/BV1w1421Q7V1)
Append: [猫 和 老 鼠 3.0](https://www.bilibili.com/video/BV1Gu4m1M7ki)
Append: [中国人：日语秒懂!！ 日本人：陷入沉默...](https://www.bilibili.com/video/BV1Yi421R7fv)
Append: [《崩坏：星穹铁道》动画短片：「永劫轮舞」](https://www.bilibili.com/video/BV1aC411h7e6)
Append: [盗月社沐上，瘦了30斤的秘诀！](https://www.bilibili.com/video/BV1Ft421G7s5)
Append: [“骨泥淀粉肠”焦虑背后，我们该澄清哪些信息？](https://www.bilibili.com/video/BV1uJ4m187ud)
Append: [史上最强钓鱼佬：80岁老将如何单挑70万大军？](https://www.bilibili.com/video/BV1qr42187uK)
Append: [《重生之我在霸总短剧里当保姆4》](https://www.bilibili.com/video/BV1qx421C7xn)
Append: [来了泰山才明白什么叫小小泰山，就这？易如反掌！很一般啊？拿下！【互联网脚替05】](https://www.bilibili.com/video/BV1Dx4y127bB)
Append: [《蓝色星原：旅谣》首曝PV＆实机演示](https://www.bilibili.com/video/BV1Jr421n7n4)
Append: [探秘中国十大“禁区" ！死亡穿越羌塘无人区！【羌塘篇 03】](https://www.bilibili.com/video/BV1ur421n79Z)
Append: [新番时光机！十年前的观众都在看什么神片？「2014年1月篇」泛式](https://www.bilibili.com/video/BV1fx421C7zF)
Append: [我买了台AE86](https://www.bilibili.com/video/BV1dx4y1m7Qa)
Append: [《绝区零》喧响测试预告 | 热身是必要的准备](https://www.bilibili.com/video/BV1qi421R7E3)
Append: [马哥让我24小时拼出来……](https://www.bilibili.com/video/BV1Jj421o7cz)
Append: [把淀粉肠干“塌房”的鸡骨泥，可能你已经吃一辈子了。【差评君】](https://www.bilibili.com/video/BV1Du4m1M7L8)
Append: [失忆了？怀孕了？](https://www.bilibili.com/video/BV1CD421j77A)
Append: [《峡谷三害》](https://www.bilibili.com/video/BV13m411o7kn)
Append: [都什么年代，谁还用传统金箍棒？！！](https://www.bilibili.com/video/BV1nt42157jA)
Append: [【阿斗】资金不足导致电影差点夭折，演员自掏腰包投资！上映后获奖无数的国产经典《钢的琴》](https://www.bilibili.com/video/BV1dJ4m1b7s6)
Append: [⚡超yue🤮自我，不卸原神⚡](https://www.bilibili.com/video/BV1mD421E7FV)
Append: [自制全新超大豪华沉浸式牢笼跑步机](https://www.bilibili.com/video/BV1EZ42187Hg)
Append: [《闪耀暖暖》×《巴啦啦小魔仙》联动主题曲](https://www.bilibili.com/video/BV1dj421d7cr)
Append: [“你 管 这 叫 呼 吸 法？”⚡️](https://www.bilibili.com/video/BV14p421U78W)
Append: [明日公开下载！《植物娘大战僵尸》手机版！](https://www.bilibili.com/video/BV1XD421E7Ti)
Append: [狗熊岭规则怪谈续集，和熊二结成同盟](https://www.bilibili.com/video/BV1zH4y1s7NM)
Append: [省流：墓园团建](https://www.bilibili.com/video/BV1D6421c7u2)
Append: [加长凄美地，脑浆摇匀版！](https://www.bilibili.com/video/BV1my421v7cx)
Append: [探秘全球最土豪的迪拜枪店！价格简直离谱！偶遇国产品牌？！](https://www.bilibili.com/video/BV1Rt4213787)
Append: [饭被我煮出来了！你们想要的潘杨之好刘郑版续集来了！这才是我要看的《花间令》！！【郑合惠子x刘学义||潘樾x杨采薇】](https://www.bilibili.com/video/BV1Ci421R7ST)
Append: [（二十一）重生【原创动画】](https://www.bilibili.com/video/BV1yF4m1c7d9)
Append: [芬兰家人第一次在中国坐高铁去看乐山大佛简直震撼人心！跷脚牛肉甜皮鸭狂炫乐山美食！吃遍夜市美食从早上吃到半夜！](https://www.bilibili.com/video/BV1f2421N7gX)
Append: [温 酒 斩 华 妃](https://www.bilibili.com/video/BV1Mp421m7Ck)
Append: [【STN快报第七季49】看门狗拍电影第一个死的是看门狗](https://www.bilibili.com/video/BV1SH4y1W7i2)
Append: [无 伤 反 杀 周 处](https://www.bilibili.com/video/BV12J4m1b7Ru)
Append: [36年前难到变态的游戏！续作？全球99.4%的人都无法通关？](https://www.bilibili.com/video/BV18J4m187no)
Append: [人妖共治玉华州！九灵元圣与天竺国的难言之隐](https://www.bilibili.com/video/BV1yp421m7gr)
Append: [真猪猪女孩们～](https://www.bilibili.com/video/BV1AZ421t7cD)
Append: [一位男性午餐时吃了120个益生菌软糖，他的器官是这么衰竭的](https://www.bilibili.com/video/BV13t42157ug)
Append: [愿我们能一直做彼此最好的朋友](https://www.bilibili.com/video/BV12Z421h7zj)
Append: [“不是为了取悦谁，而是她们争取的身体自由。”](https://www.bilibili.com/video/BV1AW421c71U)
Append: [【罗翔】不聊法律聊感受，陈桂林还是成为了新造的人？乱评《周处除三害》](https://www.bilibili.com/video/BV13r42187BZ)
Append: [【戴建业】东坡赤壁读《赤壁赋》：他没有离开，只是走出了时间|黄冈寻苏记03](https://www.bilibili.com/video/BV1gu4m1u7nA)
append_entries: 44
Finish: 2024-03-22 12:19:49.042699
------------------------------------------------------
Started: 2024-03-22 14:10:54.032724
Existing_entries: 132
Fetching from https://rsshub.app/bilibili/weekly
append_entries: 0
Finish: 2024-03-22 14:10:54.106314
------------------------------------------------------
Started: 2024-03-22 16:14:39.042426
Existing_entries: 132
Fetching from https://rsshub.app/bilibili/weekly
append_entries: 0
Finish: 2024-03-22 16:14:39.125933
------------------------------------------------------
Started: 2024-03-22 18:13:37.842854
Existing_entries: 132
Fetching from https://rsshub.app/bilibili/weekly
append_entries: 0
Finish: 2024-03-22 18:13:37.913569
------------------------------------------------------
Started: 2024-03-22 20:11:06.512273
Existing_entries: 132
Fetching from https://rsshub.app/bilibili/weekly
append_entries: 0
Finish: 2024-03-22 20:11:06.607845
------------------------------------------------------
Started: 2024-03-22 22:10:12.358657
Existing_entries: 132
Fetching from https://rsshub.app/bilibili/weekly
append_entries: 0
Finish: 2024-03-22 22:10:12.449472
------------------------------------------------------
Started: 2024-03-23 00:48:57.499095
Existing_entries: 132
Fetching from https://rsshub.app/bilibili/weekly
append_entries: 0
Finish: 2024-03-23 00:48:57.572676
------------------------------------------------------
Started: 2024-03-23 02:16:33.194639
Existing_entries: 132
Fetching from https://rsshub.app/bilibili/weekly
append_entries: 0
Finish: 2024-03-23 02:16:33.273378
------------------------------------------------------
Started: 2024-03-23 04:14:33.925039
Existing_entries: 132
Fetching from https://rsshub.app/bilibili/weekly
append_entries: 0
Finish: 2024-03-23 04:14:34.002296
------------------------------------------------------
Started: 2024-03-23 06:18:22.465316
Existing_entries: 132
Fetching from https://rsshub.app/bilibili/weekly
append_entries: 0
Finish: 2024-03-23 06:18:22.548334
------------------------------------------------------
Started: 2024-03-23 08:12:26.264221
Existing_entries: 132
Fetching from https://rsshub.app/bilibili/weekly
append_entries: 0
Finish: 2024-03-23 08:12:26.335798
------------------------------------------------------
Started: 2024-03-23 10:11:47.100185
Existing_entries: 132
Fetching from https://rsshub.app/bilibili/weekly
append_entries: 0
Finish: 2024-03-23 10:11:47.184018
------------------------------------------------------
Started: 2024-03-23 12:20:55.118705
Existing_entries: 132
Fetching from https://rsshub.app/bilibili/weekly
append_entries: 0
Finish: 2024-03-23 12:20:55.887362
------------------------------------------------------
Started: 2024-03-23 14:09:13.858540
Existing_entries: 132
Fetching from https://rsshub.app/bilibili/weekly
append_entries: 0
Finish: 2024-03-23 14:09:13.939414
------------------------------------------------------
Started: 2024-03-23 16:12:04.995434
Existing_entries: 132
Fetching from https://rsshub.app/bilibili/weekly
append_entries: 0
Finish: 2024-03-23 16:12:05.066144
------------------------------------------------------
Started: 2024-03-23 18:12:30.470752
Existing_entries: 132
Fetching from https://rsshub.app/bilibili/weekly
append_entries: 0
Finish: 2024-03-23 18:12:30.544804
------------------------------------------------------
Started: 2024-03-23 20:11:32.443795
Existing_entries: 132
Fetching from https://rsshub.app/bilibili/weekly
append_entries: 0
Finish: 2024-03-23 20:11:32.515986
------------------------------------------------------
Started: 2024-03-23 22:10:16.269280
Existing_entries: 132
Fetching from https://rsshub.app/bilibili/weekly
append_entries: 0
Finish: 2024-03-23 22:10:16.346531
------------------------------------------------------
Started: 2024-03-24 00:55:09.707598
Existing_entries: 132
Fetching from https://rsshub.app/bilibili/weekly
append_entries: 0
Finish: 2024-03-24 00:55:09.793695
------------------------------------------------------
Started: 2024-03-24 02:21:16.829194
Existing_entries: 132
Fetching from https://rsshub.app/bilibili/weekly
append_entries: 0
Finish: 2024-03-24 02:21:16.907515
------------------------------------------------------
Started: 2024-03-24 04:14:19.936251
Existing_entries: 132
Fetching from https://rsshub.app/bilibili/weekly
append_entries: 0
Finish: 2024-03-24 04:14:20.031699
------------------------------------------------------
Started: 2024-03-24 06:14:17.035620
Existing_entries: 132
Fetching from https://rsshub.app/bilibili/weekly
append_entries: 0
Finish: 2024-03-24 06:14:17.109799
------------------------------------------------------
Started: 2024-03-24 08:13:08.817470
Existing_entries: 132
Fetching from https://rsshub.app/bilibili/weekly
append_entries: 0
Finish: 2024-03-24 08:13:08.884605
------------------------------------------------------
Started: 2024-03-24 10:11:51.554359
Existing_entries: 132
Fetching from https://rsshub.app/bilibili/weekly
append_entries: 0
Finish: 2024-03-24 10:11:51.622166
------------------------------------------------------
Started: 2024-03-24 12:19:09.096106
Existing_entries: 132
Fetching from https://rsshub.app/bilibili/weekly
append_entries: 0
Finish: 2024-03-24 12:19:09.175359
------------------------------------------------------
Started: 2024-03-24 14:09:06.560476
Existing_entries: 132
Fetching from https://rsshub.app/bilibili/weekly
append_entries: 0
Finish: 2024-03-24 14:09:06.644776
------------------------------------------------------
Started: 2024-03-24 16:12:34.127706
Existing_entries: 132
Fetching from https://rsshub.app/bilibili/weekly
append_entries: 0
Finish: 2024-03-24 16:12:34.204710
------------------------------------------------------
Started: 2024-03-24 18:15:24.054974
Existing_entries: 132
Fetching from https://rsshub.app/bilibili/weekly
append_entries: 0
Finish: 2024-03-24 18:15:24.145858
------------------------------------------------------
Started: 2024-03-24 20:10:41.677669
Existing_entries: 132
Fetching from https://rsshub.app/bilibili/weekly
append_entries: 0
Finish: 2024-03-24 20:10:41.746634
------------------------------------------------------
Started: 2024-03-24 22:11:14.779133
Existing_entries: 132
Fetching from https://rsshub.app/bilibili/weekly
append_entries: 0
Finish: 2024-03-24 22:11:14.847071
------------------------------------------------------
Started: 2024-03-25 00:51:57.948181
Existing_entries: 132
Fetching from https://rsshub.app/bilibili/weekly
append_entries: 0
Finish: 2024-03-25 00:51:58.019389
------------------------------------------------------
Started: 2024-03-25 02:20:00.111049
Existing_entries: 132
Fetching from https://rsshub.app/bilibili/weekly
append_entries: 0
Finish: 2024-03-25 02:20:00.187610
------------------------------------------------------
Started: 2024-03-25 04:14:24.910984
Existing_entries: 132
Fetching from https://rsshub.app/bilibili/weekly
append_entries: 0
Finish: 2024-03-25 04:14:24.988099
------------------------------------------------------
Started: 2024-03-25 06:15:46.313588
Existing_entries: 132
Fetching from https://rsshub.app/bilibili/weekly
append_entries: 0
Finish: 2024-03-25 06:15:46.383682
------------------------------------------------------
Started: 2024-03-25 08:17:10.209697
Existing_entries: 132
Fetching from https://rsshub.app/bilibili/weekly
append_entries: 0
Finish: 2024-03-25 08:17:10.299303
------------------------------------------------------
Started: 2024-03-25 10:12:24.437697
Existing_entries: 132
Fetching from https://rsshub.app/bilibili/weekly
append_entries: 0
Finish: 2024-03-25 10:12:24.507550
------------------------------------------------------
Started: 2024-03-25 12:19:32.483580
Existing_entries: 132
Fetching from https://rsshub.app/bilibili/weekly
append_entries: 0
Finish: 2024-03-25 12:19:32.553648
------------------------------------------------------
Started: 2024-03-25 14:10:36.397318
Existing_entries: 132
Fetching from https://rsshub.app/bilibili/weekly
append_entries: 0
Finish: 2024-03-25 14:10:36.469241
------------------------------------------------------
Started: 2024-03-25 16:14:01.878738
Existing_entries: 132
Fetching from https://rsshub.app/bilibili/weekly
append_entries: 0
Finish: 2024-03-25 16:14:01.988930
------------------------------------------------------
Started: 2024-03-25 18:14:47.037577
Existing_entries: 132
Fetching from https://rsshub.app/bilibili/weekly
append_entries: 0
Finish: 2024-03-25 18:14:47.111014
------------------------------------------------------
Started: 2024-03-25 20:11:49.276316
Existing_entries: 132
Fetching from https://rsshub.app/bilibili/weekly
append_entries: 0
Finish: 2024-03-25 20:11:49.344117
------------------------------------------------------
Started: 2024-03-25 22:11:00.573785
Existing_entries: 132
Fetching from https://rsshub.app/bilibili/weekly
append_entries: 0
Finish: 2024-03-25 22:11:00.649015
------------------------------------------------------
Started: 2024-03-26 00:50:22.002662
Existing_entries: 132
Fetching from https://rsshub.app/bilibili/weekly
append_entries: 0
Finish: 2024-03-26 00:50:22.082224
------------------------------------------------------
Started: 2024-03-26 02:17:04.420836
Existing_entries: 132
Fetching from https://rsshub.app/bilibili/weekly
append_entries: 0
Finish: 2024-03-26 02:17:04.490370
------------------------------------------------------
Started: 2024-03-26 04:13:32.718363
Existing_entries: 132
Fetching from https://rsshub.app/bilibili/weekly
append_entries: 0
Finish: 2024-03-26 04:13:32.796380
------------------------------------------------------
Started: 2024-03-26 06:15:19.274921
Existing_entries: 132
Fetching from https://rsshub.app/bilibili/weekly
append_entries: 0
Finish: 2024-03-26 06:15:19.355478
------------------------------------------------------
Started: 2024-03-26 08:13:36.392361
Existing_entries: 132
Fetching from https://rsshub.app/bilibili/weekly
append_entries: 0
Finish: 2024-03-26 08:13:36.463705
------------------------------------------------------
Started: 2024-03-26 10:13:56.360345
Existing_entries: 132
Fetching from https://rsshub.app/bilibili/weekly
append_entries: 0
Finish: 2024-03-26 10:13:56.441811
------------------------------------------------------
Started: 2024-03-26 12:20:46.798375
Existing_entries: 132
Fetching from https://rsshub.app/bilibili/weekly
append_entries: 0
Finish: 2024-03-26 12:20:46.888049
------------------------------------------------------
Started: 2024-03-26 14:11:10.617300
Existing_entries: 132
Fetching from https://rsshub.app/bilibili/weekly
append_entries: 0
Finish: 2024-03-26 14:11:10.688721
------------------------------------------------------
Started: 2024-03-26 16:13:57.990854
Existing_entries: 132
Fetching from https://rsshub.app/bilibili/weekly
append_entries: 0
Finish: 2024-03-26 16:13:58.087632
------------------------------------------------------
Started: 2024-03-26 18:13:38.058361
Existing_entries: 132
Fetching from https://rsshub.app/bilibili/weekly
append_entries: 0
Finish: 2024-03-26 18:13:38.225572
------------------------------------------------------
Started: 2024-03-26 20:11:49.763971
Existing_entries: 132
Fetching from https://rsshub.app/bilibili/weekly
append_entries: 0
Finish: 2024-03-26 20:11:49.834762
------------------------------------------------------
Started: 2024-03-26 22:10:46.065282
Existing_entries: 132
Fetching from https://rsshub.app/bilibili/weekly
append_entries: 0
Finish: 2024-03-26 22:10:46.171426
------------------------------------------------------
Started: 2024-03-27 00:50:14.150781
Existing_entries: 132
Fetching from https://rsshub.app/bilibili/weekly
append_entries: 0
Finish: 2024-03-27 00:50:14.332717
------------------------------------------------------
Started: 2024-03-27 02:17:15.061259
Existing_entries: 132
Fetching from https://rsshub.app/bilibili/weekly
append_entries: 0
Finish: 2024-03-27 02:17:15.149844
------------------------------------------------------
Started: 2024-03-27 04:15:04.785310
Existing_entries: 132
Fetching from https://rsshub.app/bilibili/weekly
append_entries: 0
Finish: 2024-03-27 04:15:04.883126
------------------------------------------------------
Started: 2024-03-27 06:14:20.731781
Existing_entries: 132
Fetching from https://rsshub.app/bilibili/weekly
append_entries: 0
Finish: 2024-03-27 06:14:20.809957
------------------------------------------------------
Started: 2024-03-27 08:15:54.419959
Existing_entries: 132
Fetching from https://rsshub.app/bilibili/weekly
append_entries: 0
Finish: 2024-03-27 08:15:54.510826
------------------------------------------------------
Started: 2024-03-27 10:12:25.663184
Existing_entries: 132
Fetching from https://rsshub.app/bilibili/weekly
append_entries: 0
Finish: 2024-03-27 10:12:25.731492
------------------------------------------------------
Started: 2024-03-27 12:20:38.939550
Existing_entries: 132
Fetching from https://rsshub.app/bilibili/weekly
append_entries: 0
Finish: 2024-03-27 12:20:39.010266
------------------------------------------------------
Started: 2024-03-27 14:11:06.115352
Existing_entries: 132
Fetching from https://rsshub.app/bilibili/weekly
append_entries: 0
Finish: 2024-03-27 14:11:06.197774
------------------------------------------------------
Started: 2024-03-27 16:15:15.260672
Existing_entries: 132
Fetching from https://rsshub.app/bilibili/weekly
append_entries: 0
Finish: 2024-03-27 16:15:15.344130
------------------------------------------------------
Started: 2024-03-27 18:14:33.295501
Existing_entries: 132
Fetching from https://rsshub.app/bilibili/weekly
append_entries: 0
Finish: 2024-03-27 18:14:33.386742
------------------------------------------------------
Started: 2024-03-27 20:12:08.190464
Existing_entries: 132
Fetching from https://rsshub.app/bilibili/weekly
append_entries: 0
Finish: 2024-03-27 20:12:08.284259
------------------------------------------------------
Started: 2024-03-27 22:11:50.404730
Existing_entries: 132
Fetching from https://rsshub.app/bilibili/weekly
append_entries: 0
Finish: 2024-03-27 22:11:50.475718
------------------------------------------------------
Started: 2024-03-28 00:50:46.126843
Existing_entries: 132
Fetching from https://rsshub.app/bilibili/weekly
append_entries: 0
Finish: 2024-03-28 00:50:46.197676
------------------------------------------------------
Started: 2024-03-28 02:21:07.138416
Existing_entries: 132
Fetching from https://rsshub.app/bilibili/weekly
append_entries: 0
Finish: 2024-03-28 02:21:07.237017
------------------------------------------------------
Started: 2024-03-28 04:13:01.455073
Existing_entries: 132
Fetching from https://rsshub.app/bilibili/weekly
append_entries: 0
Finish: 2024-03-28 04:13:01.537105
------------------------------------------------------
Started: 2024-03-28 06:14:35.441966
Existing_entries: 132
Fetching from https://rsshub.app/bilibili/weekly
append_entries: 0
Finish: 2024-03-28 06:14:35.515066
------------------------------------------------------
Started: 2024-03-28 08:13:39.557792
Existing_entries: 132
Fetching from https://rsshub.app/bilibili/weekly
append_entries: 0
Finish: 2024-03-28 08:13:39.650197
------------------------------------------------------
Started: 2024-03-28 10:11:28.329515
Existing_entries: 132
Fetching from https://rsshub.app/bilibili/weekly
append_entries: 0
Finish: 2024-03-28 10:11:28.405482
------------------------------------------------------
Started: 2024-03-28 12:21:14.420183
Existing_entries: 132
Fetching from https://rsshub.app/bilibili/weekly
append_entries: 0
Finish: 2024-03-28 12:21:14.562128
------------------------------------------------------
Started: 2024-03-28 14:11:24.066968
Existing_entries: 132
Fetching from https://rsshub.app/bilibili/weekly
append_entries: 0
Finish: 2024-03-28 14:11:24.222841
------------------------------------------------------
Started: 2024-03-28 16:13:56.308986
Existing_entries: 132
Fetching from https://rsshub.app/bilibili/weekly
append_entries: 0
Finish: 2024-03-28 16:13:56.376780
------------------------------------------------------
Started: 2024-03-28 18:14:02.638893
Existing_entries: 132
Fetching from https://rsshub.app/bilibili/weekly
append_entries: 0
Finish: 2024-03-28 18:14:02.722322
------------------------------------------------------
Started: 2024-03-28 20:12:26.742856
Existing_entries: 132
Fetching from https://rsshub.app/bilibili/weekly
append_entries: 0
Finish: 2024-03-28 20:12:26.824191
------------------------------------------------------
Started: 2024-03-28 22:10:33.795121
Existing_entries: 132
Fetching from https://rsshub.app/bilibili/weekly
append_entries: 0
Finish: 2024-03-28 22:10:33.873635
------------------------------------------------------
Started: 2024-03-29 00:51:00.749012
Existing_entries: 132
Fetching from https://rsshub.app/bilibili/weekly
append_entries: 0
Finish: 2024-03-29 00:51:00.831761
------------------------------------------------------
Started: 2024-03-29 02:17:18.557274
Existing_entries: 132
Fetching from https://rsshub.app/bilibili/weekly
append_entries: 0
Finish: 2024-03-29 02:17:18.633940
------------------------------------------------------
Started: 2024-03-29 04:14:22.991077
Existing_entries: 132
Fetching from https://rsshub.app/bilibili/weekly
append_entries: 0
Finish: 2024-03-29 04:14:23.086684
------------------------------------------------------
Started: 2024-03-29 06:14:29.736692
Existing_entries: 132
Fetching from https://rsshub.app/bilibili/weekly
append_entries: 0
Finish: 2024-03-29 06:14:29.816504
------------------------------------------------------
Started: 2024-03-29 08:13:54.648135
Existing_entries: 132
Fetching from https://rsshub.app/bilibili/weekly
append_entries: 0
Finish: 2024-03-29 08:13:54.825184
------------------------------------------------------
Started: 2024-03-29 10:12:03.231485
Existing_entries: 132
Fetching from https://rsshub.app/bilibili/weekly
append_entries: 0
Finish: 2024-03-29 10:12:03.310941
------------------------------------------------------
Started: 2024-03-29 12:21:34.323074
Existing_entries: 132
Fetching from https://rsshub.app/bilibili/weekly
Append: [北京师范大学 陈志新 社会科学概论 第01讲 序言](https://www.bilibili.com/video/BV1zf421Z7F8)
Append: [在冰窟窿里解读《白雪歌送武判官归京》，代入感很强！](https://www.bilibili.com/video/BV1gF4m1F79V)
Append: [我的中国绿卡被注销了!](https://www.bilibili.com/video/BV1jm421n7yJ)
Append: [《崩坏：星穹铁道》千星纪游PV：「虚谭•浮世三千一刀缭断」](https://www.bilibili.com/video/BV16m411R78H)
Append: [《重生之我在霸总短剧里当保姆5》](https://www.bilibili.com/video/BV1Eu4m1u7tu)
Append: [什么组织能在苏联和克格勃斗法？（上）【神奇组织17】](https://www.bilibili.com/video/BV1m1421Q7Ee)
Append: [眼见不一定为实。](https://www.bilibili.com/video/BV1zJ4m177ND)
Append: [我在大山里认识的那个12岁的孩子，发现他突然就不可爱了](https://www.bilibili.com/video/BV1Pr42187VD)
Append: [《 加 勒 比 海 鹅 》](https://www.bilibili.com/video/BV1VH4y1W7Gg)
Append: [酸死啦~~~~~](https://www.bilibili.com/video/BV1NK421472R)
Append: [《二重螺旋》技术性测试PV|旋转阿特拉西亚](https://www.bilibili.com/video/BV1Eu4m1T7Tj)
Append: [【我的章鱼老师】这只章鱼告诉我们，短暂的一生，爽快地活！](https://www.bilibili.com/video/BV1Vf421Z7Qj)
Append: [爆肝1个月！我还原了青青草原！](https://www.bilibili.com/video/BV1XH4y1n77E)
Append: [成都6元一份的酱香饼，猜猜在西班牙能卖到多少？](https://www.bilibili.com/video/BV1W2421P7Cr)
Append: [【王心凌x仙境传说:爱如初见】国服品牌TVC《爱如初见》上线!](https://www.bilibili.com/video/BV1v6421F7Yy)
Append: [我在7万人面前求婚啦 ！Taylor Swift演唱会现场求婚！](https://www.bilibili.com/video/BV17x421k719)
Append: [螺钿象棋](https://www.bilibili.com/video/BV1Rf421d7WW)
Append: [学会是不是就不用去甘肃啦？](https://www.bilibili.com/video/BV1r1421Q73G)
Append: [《归龙潮》点映测试实机PV | 新片开机，以身入局！](https://www.bilibili.com/video/BV1Gj42197mS)
Append: [在手机上玩PC游戏！甚至能玩2077？彻底榨干8Gen3！](https://www.bilibili.com/video/BV1jr421h7in)
Append: [下次拍照，记得把前辈搬出来～](https://www.bilibili.com/video/BV1xx421k7xK)
Append: [【猛男版】Bling-Bang-Bang-Born](https://www.bilibili.com/video/BV1iu4m1T7u3)
Append: [在中国铁路再次上演《你的名字》名场面](https://www.bilibili.com/video/BV1CF4m1F7k7)
Append: [超难惊变生存「最终生还者」第一期!!？](https://www.bilibili.com/video/BV1HH4y1p7X7)
Append: [不敢想坏坏的花火有多可爱呢？](https://www.bilibili.com/video/BV1LF4m1F7ke)
Append: [欧美纷纷放弃全面电动化，中国电车点错科技树？【阿Test正经比比】](https://www.bilibili.com/video/BV1KJ4m177xQ)
Append: [¥80 拼多多“龙泉”剑 VS ¥10000 正宗龙泉剑，暴力对砍，谁会赢？](https://www.bilibili.com/video/BV12i421X7Ld)
Append: [我是如何通过自己的努力把工作搞丢的](https://www.bilibili.com/video/BV1s1421D7Jw)
Append: [《野史》（这教材就离谱25.0）](https://www.bilibili.com/video/BV1Y2421P7mw)
Append: [《女神异闻录：夜幕魅影》公测OP动画全球首曝！](https://www.bilibili.com/video/BV1xK421v7wW)
Append: [【硬核科普】一张图片坑害了一代人！| 腰不好怎么睡？](https://www.bilibili.com/video/BV1MD421L7oT)
Append: [ILLIT 'Magnetic' Official MV](https://www.bilibili.com/video/BV12r421t7nu)
Append: [【阿斗】因题材敏感封存3年！犯罪天才在线教学做假钞，这部电影拿奖拿到手软！《无双》](https://www.bilibili.com/video/BV1Xx421k7Dd)
Append: [中国创业者的梦，一年销售额冲破30亿](https://www.bilibili.com/video/BV11x421k7Tr)
Append: [进 击 的 海 贼 ！！！](https://www.bilibili.com/video/BV14f421Z7XG)
Append: [北漂二十年，国家南水北调工程专业总师，他花100万买了一辆国产车【寻找·仰望车主 飘哥】](https://www.bilibili.com/video/BV1MC411t7YB)
Append: [千 万 别 去 沙 漠 看 银 河 ！](https://www.bilibili.com/video/BV1Ux421k7We)
Append: [【毕导】为什么你的耳朵能听出冷水和热水的区别？进来测听力了！](https://www.bilibili.com/video/BV1GH4y1p7vE)
Append: [这是什么？摩尔纹。](https://www.bilibili.com/video/BV1uA4m1A73x)
Append: [《让子弹飞》10万字终极解读：剧情暗线！细恐隐喻！删减剧情！高能细节全揭秘！](https://www.bilibili.com/video/BV1Vf421Z729)
Append: [我说我很享受自己一个人，其实是因为我知道幸福与我无关](https://www.bilibili.com/video/BV1gj421d777)
Append: [【MrBeast官方】我在一个废弃的城市里活了7天](https://www.bilibili.com/video/BV1ix4y127ne)
Append: [英伦风情留学体验+1！伦敦偷子可真行，拿我冲业绩了啊](https://www.bilibili.com/video/BV17F4m1F75g)
Append: [【火兰短报07】老牌俱乐部双线溃败，职业比赛黑客入侵，](https://www.bilibili.com/video/BV15f421Z7tG)
Append: [这年头，谁还去染自己真发啊？](https://www.bilibili.com/video/BV1n1421Q7Am)
Append: [《可怜的东西》横扫奥斯卡等各大奖项，我为什么直接给它零分【影评人毛尖】](https://www.bilibili.com/video/BV1oH4y1H7i2)
Append: [500宝牛肉粒做成牛排，是什么感觉](https://www.bilibili.com/video/BV1yx421S7g2)
append_entries: 47
Finish: 2024-03-29 12:21:34.408278
------------------------------------------------------
Started: 2024-03-29 14:11:08.541281
Existing_entries: 179
Fetching from https://rsshub.app/bilibili/weekly
append_entries: 0
Finish: 2024-03-29 14:11:08.640178
------------------------------------------------------
Started: 2024-03-29 16:12:50.783645
Existing_entries: 179
Fetching from https://rsshub.app/bilibili/weekly
append_entries: 0
Finish: 2024-03-29 16:12:50.868174
------------------------------------------------------
Started: 2024-03-29 18:13:27.619006
Existing_entries: 179
Fetching from https://rsshub.app/bilibili/weekly
append_entries: 0
Finish: 2024-03-29 18:13:27.718009
------------------------------------------------------
Started: 2024-03-29 20:11:47.146572
Existing_entries: 179
Fetching from https://rsshub.app/bilibili/weekly
append_entries: 0
Finish: 2024-03-29 20:11:47.311046
------------------------------------------------------
Started: 2024-03-29 22:10:48.029441
Existing_entries: 179
Fetching from https://rsshub.app/bilibili/weekly
append_entries: 0
Finish: 2024-03-29 22:10:48.257209
------------------------------------------------------
Started: 2024-03-30 00:48:26.976874
Existing_entries: 179
Fetching from https://rsshub.app/bilibili/weekly
append_entries: 0
Finish: 2024-03-30 00:48:27.078277
------------------------------------------------------
Started: 2024-03-30 02:14:52.304402
Existing_entries: 179
Fetching from https://rsshub.app/bilibili/weekly
append_entries: 0
Finish: 2024-03-30 02:14:52.382110
------------------------------------------------------
Started: 2024-03-30 04:12:56.972494
Existing_entries: 179
Fetching from https://rsshub.app/bilibili/weekly
append_entries: 0
Finish: 2024-03-30 04:12:57.060971
------------------------------------------------------
Started: 2024-03-30 06:13:31.242927
Existing_entries: 179
Fetching from https://rsshub.app/bilibili/weekly
append_entries: 0
Finish: 2024-03-30 06:13:31.329797
------------------------------------------------------
Started: 2024-03-30 08:14:29.954457
Existing_entries: 179
Fetching from https://rsshub.app/bilibili/weekly
append_entries: 0
Finish: 2024-03-30 08:14:30.169122
------------------------------------------------------
Started: 2024-03-30 10:11:21.251151
Existing_entries: 179
Fetching from https://rsshub.app/bilibili/weekly
append_entries: 0
Finish: 2024-03-30 10:11:21.330211
------------------------------------------------------
Started: 2024-03-30 12:17:41.634542
Existing_entries: 179
Fetching from https://rsshub.app/bilibili/weekly
append_entries: 0
Finish: 2024-03-30 12:17:41.710454
------------------------------------------------------
Started: 2024-03-30 14:09:05.489576
Existing_entries: 179
Fetching from https://rsshub.app/bilibili/weekly
append_entries: 0
Finish: 2024-03-30 14:09:05.599251
------------------------------------------------------
Started: 2024-03-30 16:13:36.714321
Existing_entries: 179
Fetching from https://rsshub.app/bilibili/weekly
append_entries: 0
Finish: 2024-03-30 16:13:36.823731
------------------------------------------------------
Started: 2024-03-30 18:14:23.087873
Existing_entries: 179
Fetching from https://rsshub.app/bilibili/weekly
append_entries: 0
Finish: 2024-03-30 18:14:23.170806
------------------------------------------------------
Started: 2024-03-30 20:10:28.547431
Existing_entries: 179
Fetching from https://rsshub.app/bilibili/weekly
append_entries: 0
Finish: 2024-03-30 20:10:28.630639
------------------------------------------------------
Started: 2024-03-30 22:10:43.384585
Existing_entries: 179
Fetching from https://rsshub.app/bilibili/weekly
append_entries: 0
Finish: 2024-03-30 22:10:43.471460
------------------------------------------------------
Started: 2024-03-31 00:55:26.996555
Existing_entries: 179
Fetching from https://rsshub.app/bilibili/weekly
append_entries: 0
Finish: 2024-03-31 00:55:27.102089
------------------------------------------------------
Started: 2024-03-31 02:21:13.051608
Existing_entries: 179
Fetching from https://rsshub.app/bilibili/weekly
append_entries: 0
Finish: 2024-03-31 02:21:13.251994
------------------------------------------------------
Started: 2024-03-31 04:14:15.763832
Existing_entries: 179
Fetching from https://rsshub.app/bilibili/weekly
append_entries: 0
Finish: 2024-03-31 04:14:15.849096
------------------------------------------------------
Started: 2024-03-31 06:13:42.570932
Existing_entries: 179
Fetching from https://rsshub.app/bilibili/weekly
append_entries: 0
Finish: 2024-03-31 06:13:42.644861
------------------------------------------------------
Started: 2024-03-31 08:14:26.103108
Existing_entries: 179
Fetching from https://rsshub.app/bilibili/weekly
append_entries: 0
Finish: 2024-03-31 08:14:26.188999
------------------------------------------------------
Started: 2024-03-31 10:11:25.671356
Existing_entries: 179
Fetching from https://rsshub.app/bilibili/weekly
append_entries: 0
Finish: 2024-03-31 10:11:25.747276
------------------------------------------------------
Started: 2024-03-31 12:19:12.865917
Existing_entries: 179
Fetching from https://rsshub.app/bilibili/weekly
append_entries: 0
Finish: 2024-03-31 12:19:12.943647
------------------------------------------------------
Started: 2024-03-31 14:09:06.655678
Existing_entries: 179
Fetching from https://rsshub.app/bilibili/weekly
append_entries: 0
Finish: 2024-03-31 14:09:06.731476
------------------------------------------------------
Started: 2024-03-31 16:12:15.450319
Existing_entries: 179
Fetching from https://rsshub.app/bilibili/weekly
append_entries: 0
Finish: 2024-03-31 16:12:15.550329
------------------------------------------------------
Started: 2024-03-31 18:12:53.795812
Existing_entries: 179
Fetching from https://rsshub.app/bilibili/weekly
append_entries: 0
Finish: 2024-03-31 18:12:53.873140
------------------------------------------------------
Started: 2024-03-31 20:11:39.268752
Existing_entries: 179
Fetching from https://rsshub.app/bilibili/weekly
append_entries: 0
Finish: 2024-03-31 20:11:39.357940
------------------------------------------------------
Started: 2024-03-31 22:10:33.852152
Existing_entries: 179
Fetching from https://rsshub.app/bilibili/weekly
append_entries: 0
Finish: 2024-03-31 22:10:33.942687
------------------------------------------------------
Started: 2024-04-01 00:55:18.710132
Existing_entries: 179
Fetching from https://rsshub.app/bilibili/weekly
append_entries: 0
Finish: 2024-04-01 00:55:18.901350
------------------------------------------------------
Started: 2024-04-01 02:26:01.614952
Existing_entries: 179
Fetching from https://rsshub.app/bilibili/weekly
append_entries: 0
Finish: 2024-04-01 02:26:01.699715
------------------------------------------------------
Started: 2024-04-01 04:13:52.399497
Existing_entries: 179
Fetching from https://rsshub.app/bilibili/weekly
append_entries: 0
Finish: 2024-04-01 04:13:52.485692
------------------------------------------------------
Started: 2024-04-01 06:15:20.714484
Existing_entries: 179
Fetching from https://rsshub.app/bilibili/weekly
append_entries: 0
Finish: 2024-04-01 06:15:20.788386
------------------------------------------------------
Started: 2024-04-01 08:16:56.699214
Existing_entries: 179
Fetching from https://rsshub.app/bilibili/weekly
append_entries: 0
Finish: 2024-04-01 08:16:56.777012
------------------------------------------------------
Started: 2024-04-01 10:13:11.030102
Existing_entries: 179
Fetching from https://rsshub.app/bilibili/weekly
append_entries: 0
Finish: 2024-04-01 10:13:11.123692
------------------------------------------------------
Started: 2024-04-01 12:21:18.773553
Existing_entries: 179
Fetching from https://rsshub.app/bilibili/weekly
append_entries: 0
Finish: 2024-04-01 12:21:18.858551
------------------------------------------------------
Started: 2024-04-01 14:10:38.212904
Existing_entries: 179
Fetching from https://rsshub.app/bilibili/weekly
append_entries: 0
Finish: 2024-04-01 14:10:38.292939
------------------------------------------------------
Started: 2024-04-01 16:14:45.171996
Existing_entries: 179
Fetching from https://rsshub.app/bilibili/weekly
append_entries: 0
Finish: 2024-04-01 16:14:45.278026
------------------------------------------------------
Started: 2024-04-01 18:13:31.168023
Existing_entries: 179
Fetching from https://rsshub.app/bilibili/weekly
append_entries: 0
Finish: 2024-04-01 18:13:31.255345
------------------------------------------------------
Started: 2024-04-01 20:12:05.229197
Existing_entries: 179
Fetching from https://rsshub.app/bilibili/weekly
append_entries: 0
Finish: 2024-04-01 20:12:05.351719
------------------------------------------------------
Started: 2024-04-01 22:11:01.143986
Existing_entries: 179
Fetching from https://rsshub.app/bilibili/weekly
append_entries: 0
Finish: 2024-04-01 22:11:01.224434
------------------------------------------------------
Started: 2024-04-02 00:52:55.383655
Existing_entries: 179
Fetching from https://rsshub.app/bilibili/weekly
append_entries: 0
Finish: 2024-04-02 00:52:55.460526
------------------------------------------------------
Started: 2024-04-02 02:21:27.768380
Existing_entries: 179
Fetching from https://rsshub.app/bilibili/weekly
append_entries: 0
Finish: 2024-04-02 02:21:27.842906
------------------------------------------------------
Started: 2024-04-02 04:14:00.789959
Existing_entries: 179
Fetching from https://rsshub.app/bilibili/weekly
append_entries: 0
Finish: 2024-04-02 04:14:00.872994
------------------------------------------------------
Started: 2024-04-02 06:14:54.825387
Existing_entries: 179
Fetching from https://rsshub.app/bilibili/weekly
append_entries: 0
Finish: 2024-04-02 06:14:54.900298
------------------------------------------------------
Started: 2024-04-02 08:14:06.351255
Existing_entries: 179
Fetching from https://rsshub.app/bilibili/weekly
append_entries: 0
Finish: 2024-04-02 08:14:06.425640
------------------------------------------------------
Started: 2024-04-02 10:13:12.777241
Existing_entries: 179
Fetching from https://rsshub.app/bilibili/weekly
append_entries: 0
Finish: 2024-04-02 10:13:12.966236
------------------------------------------------------
Started: 2024-04-02 12:20:02.626440
Existing_entries: 179
Fetching from https://rsshub.app/bilibili/weekly
append_entries: 0
Finish: 2024-04-02 12:20:02.707530
------------------------------------------------------
Started: 2024-04-02 14:10:17.768840
Existing_entries: 179
Fetching from https://rsshub.app/bilibili/weekly
append_entries: 0
Finish: 2024-04-02 14:10:17.857538
------------------------------------------------------
Started: 2024-04-02 16:15:27.613868
Existing_entries: 179
Fetching from https://rsshub.app/bilibili/weekly
append_entries: 0
Finish: 2024-04-02 16:15:27.718888
------------------------------------------------------
Started: 2024-04-02 18:13:49.568828
Existing_entries: 179
Fetching from https://rsshub.app/bilibili/weekly
append_entries: 0
Finish: 2024-04-02 18:13:49.655105
------------------------------------------------------
Started: 2024-04-02 20:10:58.544118
Existing_entries: 179
Fetching from https://rsshub.app/bilibili/weekly
append_entries: 0
Finish: 2024-04-02 20:10:58.743373
------------------------------------------------------
Started: 2024-04-02 22:12:53.768888
Existing_entries: 179
Fetching from https://rsshub.app/bilibili/weekly
append_entries: 0
Finish: 2024-04-02 22:12:53.962094
------------------------------------------------------
Started: 2024-04-03 00:49:48.183760
Existing_entries: 179
Fetching from https://rsshub.app/bilibili/weekly
append_entries: 0
Finish: 2024-04-03 00:49:48.273904
------------------------------------------------------
Started: 2024-04-03 02:18:58.305064
Existing_entries: 179
Fetching from https://rsshub.app/bilibili/weekly
append_entries: 0
Finish: 2024-04-03 02:18:58.400887
------------------------------------------------------
Started: 2024-04-03 04:14:50.062075
Existing_entries: 179
Fetching from https://rsshub.app/bilibili/weekly
append_entries: 0
Finish: 2024-04-03 04:14:50.148829
------------------------------------------------------
Started: 2024-04-03 06:14:02.866319
Existing_entries: 179
Fetching from https://rsshub.app/bilibili/weekly
append_entries: 0
Finish: 2024-04-03 06:14:03.016426
------------------------------------------------------
Started: 2024-04-03 08:14:29.853167
Existing_entries: 179
Fetching from https://rsshub.app/bilibili/weekly
append_entries: 0
Finish: 2024-04-03 08:14:30.048942
------------------------------------------------------
Started: 2024-04-03 10:12:33.577463
Existing_entries: 179
Fetching from https://rsshub.app/bilibili/weekly
append_entries: 0
Finish: 2024-04-03 10:12:33.664105
------------------------------------------------------
Started: 2024-04-03 12:19:53.241092
Existing_entries: 179
Fetching from https://rsshub.app/bilibili/weekly
append_entries: 0
Finish: 2024-04-03 12:19:53.334939
------------------------------------------------------
Started: 2024-04-03 14:11:01.191688
Existing_entries: 179
Fetching from https://rsshub.app/bilibili/weekly
append_entries: 0
Finish: 2024-04-03 14:11:01.326283
------------------------------------------------------
Started: 2024-04-03 16:13:42.336329
Existing_entries: 179
Fetching from https://rsshub.app/bilibili/weekly
append_entries: 0
Finish: 2024-04-03 16:13:42.411889
------------------------------------------------------
Started: 2024-04-03 18:13:50.161916
Existing_entries: 179
Fetching from https://rsshub.app/bilibili/weekly
append_entries: 0
Finish: 2024-04-03 18:13:50.379611
------------------------------------------------------
Started: 2024-04-03 20:12:56.349991
Existing_entries: 179
Fetching from https://rsshub.app/bilibili/weekly
append_entries: 0
Finish: 2024-04-03 20:12:56.452172
------------------------------------------------------
Started: 2024-04-03 22:10:00.313475
Existing_entries: 179
Fetching from https://rsshub.app/bilibili/weekly
append_entries: 0
Finish: 2024-04-03 22:10:00.408439
------------------------------------------------------
Started: 2024-04-04 00:51:42.831286
Existing_entries: 179
Fetching from https://rsshub.app/bilibili/weekly
append_entries: 0
Finish: 2024-04-04 00:51:42.911353
------------------------------------------------------
Started: 2024-04-04 02:21:16.720253
Existing_entries: 179
Fetching from https://rsshub.app/bilibili/weekly
append_entries: 0
Finish: 2024-04-04 02:21:16.875153
------------------------------------------------------
Started: 2024-04-04 04:15:25.327201
Existing_entries: 179
Fetching from https://rsshub.app/bilibili/weekly
append_entries: 0
Finish: 2024-04-04 04:15:25.416798
------------------------------------------------------
Started: 2024-04-04 06:14:33.295402
Existing_entries: 179
Fetching from https://rsshub.app/bilibili/weekly
append_entries: 0
Finish: 2024-04-04 06:14:33.371520
------------------------------------------------------
Started: 2024-04-04 08:15:41.311747
Existing_entries: 179
Fetching from https://rsshub.app/bilibili/weekly
append_entries: 0
Finish: 2024-04-04 08:15:41.408126
------------------------------------------------------
Started: 2024-04-04 10:11:36.445336
Existing_entries: 179
Fetching from https://rsshub.app/bilibili/weekly
append_entries: 0
Finish: 2024-04-04 10:11:36.525857
------------------------------------------------------
Started: 2024-04-04 12:20:01.255898
Existing_entries: 179
Fetching from https://rsshub.app/bilibili/weekly
append_entries: 0
Finish: 2024-04-04 12:20:01.338574
------------------------------------------------------
Started: 2024-04-04 14:12:07.777699
Existing_entries: 179
Fetching from https://rsshub.app/bilibili/weekly
append_entries: 0
Finish: 2024-04-04 14:12:07.881153
------------------------------------------------------
Started: 2024-04-04 16:13:42.892565
Existing_entries: 179
Fetching from https://rsshub.app/bilibili/weekly
append_entries: 0
Finish: 2024-04-04 16:13:42.999600
------------------------------------------------------
Started: 2024-04-04 18:14:24.337970
Existing_entries: 179
Fetching from https://rsshub.app/bilibili/weekly
append_entries: 0
Finish: 2024-04-04 18:14:24.417989
------------------------------------------------------
Started: 2024-04-04 20:11:32.540543
Existing_entries: 179
Fetching from https://rsshub.app/bilibili/weekly
append_entries: 0
Finish: 2024-04-04 20:11:32.661494
------------------------------------------------------
Started: 2024-04-04 22:10:01.337075
Existing_entries: 179
Fetching from https://rsshub.app/bilibili/weekly
append_entries: 0
Finish: 2024-04-04 22:10:01.412871
------------------------------------------------------
Started: 2024-04-05 00:51:05.620761
Existing_entries: 179
Fetching from https://rsshub.app/bilibili/weekly
append_entries: 0
Finish: 2024-04-05 00:51:05.697925
------------------------------------------------------
Started: 2024-04-05 02:18:50.813485
Existing_entries: 179
Fetching from https://rsshub.app/bilibili/weekly
append_entries: 0
Finish: 2024-04-05 02:18:50.914493
------------------------------------------------------
Started: 2024-04-05 04:15:56.844253
Existing_entries: 179
Fetching from https://rsshub.app/bilibili/weekly
append_entries: 0
Finish: 2024-04-05 04:15:56.931147
------------------------------------------------------
Started: 2024-04-05 06:14:39.323105
Existing_entries: 179
Fetching from https://rsshub.app/bilibili/weekly
append_entries: 0
Finish: 2024-04-05 06:14:39.405684
------------------------------------------------------
Started: 2024-04-05 08:13:56.416737
Existing_entries: 179
Fetching from https://rsshub.app/bilibili/weekly
append_entries: 0
Finish: 2024-04-05 08:13:56.492306
------------------------------------------------------
Started: 2024-04-05 10:12:53.599360
Existing_entries: 179
Fetching from https://rsshub.app/bilibili/weekly
append_entries: 0
Finish: 2024-04-05 10:12:53.670228
------------------------------------------------------
Started: 2024-04-05 12:19:22.014567
Existing_entries: 179
Fetching from https://rsshub.app/bilibili/weekly
Append: [耗时一年《火影好声音》完整版](https://www.bilibili.com/video/BV16r421b77C)
Append: [「决战！大宇宙开拓豪侠传」电影预告](https://www.bilibili.com/video/BV1qf421o7Cu)
Append: [矛盾在这一刻达到了顶峰](https://www.bilibili.com/video/BV1zH4y1H7va)
Append: [向校园欺凌说“不”](https://www.bilibili.com/video/BV1Rt421g7mk)
Append: [谁，是中国第一个累死的天子？](https://www.bilibili.com/video/BV1Mm411r7hs)
Append: [我又一次到达了那个港口，不过这一次…](https://www.bilibili.com/video/BV1PK421Y7oh)
Append: [我买了小米SU7！](https://www.bilibili.com/video/BV1XJ4m177SN)
Append: [（相遇了！但是相遇的是 ... ）](https://www.bilibili.com/video/BV1xK421h7bn)
Append: [什么组织能在苏联和克格勃斗法？（下）【神奇组织18】](https://www.bilibili.com/video/BV1FC411L7Cq)
Append: [我要给少爷打一辈子工！](https://www.bilibili.com/video/BV1em411r7aD)
Append: [【罗翔】年轻的时候我很喜欢过愚人节，直到后来……](https://www.bilibili.com/video/BV1yK421a7gW)
Append: [百鬼开道！国风仙诡新游《代号：界》8分钟实机首曝](https://www.bilibili.com/video/BV1cj42197dw)
Append: [偷子（3）](https://www.bilibili.com/video/BV1nZ421B7sF)
Append: [评分3.7！究极食屎鸿篇巨著！当up主十年只为吐槽这部动画！【泛式】](https://www.bilibili.com/video/BV1or421t7CE)
Append: [芬兰家人第一次来海南，刚出机场就被热带景色惊呆直呼哇塞！三亚美景疯狂拍照！狂炫海鲜自助到店铺打烊！](https://www.bilibili.com/video/BV1zf421Z7Kd)
Append: [「2024明日方舟音律联觉-不觅浪尘」先导预告公开](https://www.bilibili.com/video/BV1Cx421S7w4)
Append: [宇宙内核的第九艺术，星际拓荒在此落幕【Outer Wilds】](https://www.bilibili.com/video/BV1LH4y1n7N7)
Append: [《鸣潮》特别通讯动画 | 无音区](https://www.bilibili.com/video/BV1uq421P7B5)
Append: [评分9.0！难说再见！宫崎骏新作《你想活出怎样的人生》Day1影评！](https://www.bilibili.com/video/BV1fZ421v75q)
Append: [【短的发布会】友商面前21.59万元起！小米SU7外观性能选装件全部对标保时捷](https://www.bilibili.com/video/BV1SZ421q7sc)
Append: [黄泉教你三秒烧鸡](https://www.bilibili.com/video/BV1T1421U78g)
Append: [相亲对象进精神病院 父母的“为我好”究竟是什么](https://www.bilibili.com/video/BV1Pp42127HH)
Append: [【阿斗】3000万成本斩获近8亿票房！口碑票房双逆袭，名场面无数的小成本黑马喜剧《无名之辈》](https://www.bilibili.com/video/BV1BD421W7FD)
Append: [那就向你展示 我的全部](https://www.bilibili.com/video/BV1qm411r7JP)
Append: [助力构建正确的爱情观，60帧高码重制臻享版，评分9.1的爱情电影《怦然心动》](https://www.bilibili.com/video/BV1SZ421t7JL)
Append: [【手绘逐帧meme】一键三连变成女孩子有多可爱！❤️](https://www.bilibili.com/video/BV1TK421Y78b)
Append: [探秘中国排名第一超市，没想到被老板当场抓包…](https://www.bilibili.com/video/BV1mx4y127FQ)
Append: [如何把五千年的东方文化装进一个盒子里？](https://www.bilibili.com/video/BV1Br42147ZA)
Append: [《永劫无间》丨新武器【手】实机演示](https://www.bilibili.com/video/BV1eD421W7aW)
Append: [《重生之我在偶像剧里当炮灰》](https://www.bilibili.com/video/BV1nJ4m157bx)
Append: [美国丈母娘第一次来杭州，激动到忍不住哭了：天哪！太好看了](https://www.bilibili.com/video/BV1sx421D76G)
Append: [各地的硬核食物](https://www.bilibili.com/video/BV1qC411t7BB)
Append: [梗指南首次露脸？！一个机器人终于决定出镜了……【梗指南】](https://www.bilibili.com/video/BV1DA4m1A7wS)
Append: [BABYMONSTER - ‘SHEESH’ MV](https://www.bilibili.com/video/BV1Jx4y1m7m9)
Append: [历时60天，我们造了一艘空天母舰，科幻进入现实-飞行航母](https://www.bilibili.com/video/BV1vf421o7kF)
Append: [当我试图花50000块，找人重做童年小游戏后。。。。](https://www.bilibili.com/video/BV1zC411L7ko)
Append: [【CF手游 X 邪神军工】我的武器上线cfm了？！——插排双模式手枪](https://www.bilibili.com/video/BV1eJ4m1L7Mk)
Append: [古典舞的“随机舞蹈”你见过吗？](https://www.bilibili.com/video/BV1hr421b75e)
Append: [永 动 闹 钟](https://www.bilibili.com/video/BV1gJ4m1573z)
Append: [地球终极之解！熔岩回流理论！这是我们最接近真相的一次！也是目前唯一可以解释地球所有现象的方式！地球磁场、这是一段应该被更多人看到的内容，因为这个理论诞...](https://www.bilibili.com/video/BV13A4m1A7re)
Append: [【四大名著末日版】唐僧大战丧尸！](https://www.bilibili.com/video/BV1HJ4m1j7mG)
append_entries: 41
Finish: 2024-04-05 12:19:23.651039
------------------------------------------------------
Started: 2024-04-05 14:12:29.469321
Existing_entries: 220
Fetching from https://rsshub.app/bilibili/weekly
append_entries: 0
Finish: 2024-04-05 14:12:29.547374
------------------------------------------------------
Started: 2024-04-05 16:15:11.236009
Existing_entries: 220
Fetching from https://rsshub.app/bilibili/weekly
append_entries: 0
Finish: 2024-04-05 16:15:11.330954
------------------------------------------------------
Started: 2024-04-05 18:13:45.225855
Existing_entries: 220
Fetching from https://rsshub.app/bilibili/weekly
append_entries: 0
Finish: 2024-04-05 18:13:45.315240
------------------------------------------------------
Started: 2024-04-05 20:11:44.766540
Existing_entries: 220
Fetching from https://rsshub.app/bilibili/weekly
append_entries: 0
Finish: 2024-04-05 20:11:44.864072
------------------------------------------------------
Started: 2024-04-05 22:10:53.508043
Existing_entries: 220
Fetching from https://rsshub.app/bilibili/weekly
append_entries: 0
Finish: 2024-04-05 22:10:53.687006
------------------------------------------------------
Started: 2024-04-06 00:49:07.148620
Existing_entries: 220
Fetching from https://rsshub.app/bilibili/weekly
append_entries: 0
Finish: 2024-04-06 00:49:07.222569
------------------------------------------------------
Started: 2024-04-06 02:16:52.837540
Existing_entries: 220
Fetching from https://rsshub.app/bilibili/weekly
append_entries: 0
Finish: 2024-04-06 02:16:53.043583
------------------------------------------------------
Started: 2024-04-06 04:14:02.214829
Existing_entries: 220
Fetching from https://rsshub.app/bilibili/weekly
append_entries: 0
Finish: 2024-04-06 04:14:02.609139
------------------------------------------------------
Started: 2024-04-06 06:13:39.919720
Existing_entries: 220
Fetching from https://rsshub.app/bilibili/weekly
append_entries: 0
Finish: 2024-04-06 06:13:40.001499
------------------------------------------------------
Started: 2024-04-06 08:13:44.619550
Existing_entries: 220
Fetching from https://rsshub.app/bilibili/weekly
append_entries: 0
Finish: 2024-04-06 08:13:44.690777
------------------------------------------------------
Started: 2024-04-06 10:11:17.613938
Existing_entries: 220
Fetching from https://rsshub.app/bilibili/weekly
append_entries: 0
Finish: 2024-04-06 10:11:17.685797
------------------------------------------------------
Started: 2024-04-06 12:19:21.234692
Existing_entries: 220
Fetching from https://rsshub.app/bilibili/weekly
append_entries: 0
Finish: 2024-04-06 12:19:21.319885
------------------------------------------------------
Started: 2024-04-06 14:08:49.206684
Existing_entries: 220
Fetching from https://rsshub.app/bilibili/weekly
append_entries: 0
Finish: 2024-04-06 14:08:49.288656
------------------------------------------------------
Started: 2024-04-06 16:13:40.127711
Existing_entries: 220
Fetching from https://rsshub.app/bilibili/weekly
append_entries: 0
Finish: 2024-04-06 16:13:40.323355
------------------------------------------------------
Started: 2024-04-06 18:12:52.032559
Existing_entries: 220
Fetching from https://rsshub.app/bilibili/weekly
append_entries: 0
Finish: 2024-04-06 18:12:52.104743
------------------------------------------------------
Started: 2024-04-06 20:12:26.445407
Existing_entries: 220
Fetching from https://rsshub.app/bilibili/weekly
append_entries: 0
Finish: 2024-04-06 20:12:26.526098
------------------------------------------------------
Started: 2024-04-06 22:09:32.609013
Existing_entries: 220
Fetching from https://rsshub.app/bilibili/weekly
append_entries: 0
Finish: 2024-04-06 22:09:32.710864
------------------------------------------------------
Started: 2024-04-07 00:55:19.062761
Existing_entries: 220
Fetching from https://rsshub.app/bilibili/weekly
append_entries: 0
Finish: 2024-04-07 00:55:19.140287
------------------------------------------------------
Started: 2024-04-07 02:21:37.638964
Existing_entries: 220
Fetching from https://rsshub.app/bilibili/weekly
append_entries: 0
Finish: 2024-04-07 02:21:38.697450
------------------------------------------------------
Started: 2024-04-07 04:15:20.448216
Existing_entries: 220
Fetching from https://rsshub.app/bilibili/weekly
append_entries: 0
Finish: 2024-04-07 04:15:20.519405
------------------------------------------------------
Started: 2024-04-07 06:13:32.780801
Existing_entries: 220
Fetching from https://rsshub.app/bilibili/weekly
append_entries: 0
Finish: 2024-04-07 06:13:32.852365
------------------------------------------------------
Started: 2024-04-07 08:15:29.654347
Existing_entries: 220
Fetching from https://rsshub.app/bilibili/weekly
append_entries: 0
Finish: 2024-04-07 08:15:29.747144
------------------------------------------------------
Started: 2024-04-07 10:10:35.410305
Existing_entries: 220
Fetching from https://rsshub.app/bilibili/weekly
append_entries: 0
Finish: 2024-04-07 10:10:35.509599
------------------------------------------------------
Started: 2024-04-07 12:18:39.383305
Existing_entries: 220
Fetching from https://rsshub.app/bilibili/weekly
append_entries: 0
Finish: 2024-04-07 12:18:39.453478
------------------------------------------------------
Started: 2024-04-07 14:10:12.806570
Existing_entries: 220
Fetching from https://rsshub.app/bilibili/weekly
append_entries: 0
Finish: 2024-04-07 14:10:12.876982
------------------------------------------------------
Started: 2024-04-07 16:12:57.921724
Existing_entries: 220
Fetching from https://rsshub.app/bilibili/weekly
append_entries: 0
Finish: 2024-04-07 16:12:58.116426
------------------------------------------------------
Started: 2024-04-07 18:13:00.423456
Existing_entries: 220
Fetching from https://rsshub.app/bilibili/weekly
append_entries: 0
Finish: 2024-04-07 18:13:00.682576
------------------------------------------------------
Started: 2024-04-07 20:11:00.122200
Existing_entries: 220
Fetching from https://rsshub.app/bilibili/weekly
append_entries: 0
Finish: 2024-04-07 20:11:00.206050
------------------------------------------------------
Started: 2024-04-07 22:10:32.029493
Existing_entries: 220
Fetching from https://rsshub.app/bilibili/weekly
append_entries: 0
Finish: 2024-04-07 22:10:32.100287
------------------------------------------------------
Started: 2024-04-08 00:51:39.288100
Existing_entries: 220
Fetching from https://rsshub.app/bilibili/weekly
append_entries: 0
Finish: 2024-04-08 00:51:39.374407
------------------------------------------------------
Started: 2024-04-08 02:21:23.957304
Existing_entries: 220
Fetching from https://rsshub.app/bilibili/weekly
append_entries: 0
Finish: 2024-04-08 02:21:24.135663
------------------------------------------------------
Started: 2024-04-08 04:14:23.168440
Existing_entries: 220
Fetching from https://rsshub.app/bilibili/weekly
append_entries: 0
Finish: 2024-04-08 04:14:23.249179
------------------------------------------------------
Started: 2024-04-08 06:15:42.631429
Existing_entries: 220
Fetching from https://rsshub.app/bilibili/weekly
append_entries: 0
Finish: 2024-04-08 06:15:42.701889
------------------------------------------------------
Started: 2024-04-08 08:14:42.896179
Existing_entries: 220
Fetching from https://rsshub.app/bilibili/weekly
append_entries: 0
Finish: 2024-04-08 08:14:43.084869
------------------------------------------------------
Started: 2024-04-08 10:14:06.818592
Existing_entries: 220
Fetching from https://rsshub.app/bilibili/weekly
append_entries: 0
Finish: 2024-04-08 10:14:06.903200
------------------------------------------------------
Started: 2024-04-08 12:19:40.116878
Existing_entries: 220
Fetching from https://rsshub.app/bilibili/weekly
append_entries: 0
Finish: 2024-04-08 12:19:40.198751
------------------------------------------------------
Started: 2024-04-08 14:12:13.628280
Existing_entries: 220
Fetching from https://rsshub.app/bilibili/weekly
append_entries: 0
Finish: 2024-04-08 14:12:13.710475
------------------------------------------------------
Started: 2024-04-08 16:16:14.995032
Existing_entries: 220
Fetching from https://rsshub.app/bilibili/weekly
append_entries: 0
Finish: 2024-04-08 16:16:15.087077
------------------------------------------------------
Started: 2024-04-08 18:15:05.446536
Existing_entries: 220
Fetching from https://rsshub.app/bilibili/weekly
append_entries: 0
Finish: 2024-04-08 18:15:05.629192
------------------------------------------------------
Started: 2024-04-08 20:13:31.973953
Existing_entries: 220
Fetching from https://rsshub.app/bilibili/weekly
append_entries: 0
Finish: 2024-04-08 20:13:32.057750
------------------------------------------------------
Started: 2024-04-08 22:12:54.222912
Existing_entries: 220
Fetching from https://rsshub.app/bilibili/weekly
append_entries: 0
Finish: 2024-04-08 22:12:54.309116
------------------------------------------------------
Started: 2024-04-09 00:50:38.652877
Existing_entries: 220
Fetching from https://rsshub.app/bilibili/weekly
append_entries: 0
Finish: 2024-04-09 00:50:38.857935
------------------------------------------------------
Started: 2024-04-09 02:19:10.272235
Existing_entries: 220
Fetching from https://rsshub.app/bilibili/weekly
append_entries: 0
Finish: 2024-04-09 02:19:10.342385
------------------------------------------------------
Started: 2024-04-09 04:14:46.500824
Existing_entries: 220
Fetching from https://rsshub.app/bilibili/weekly
append_entries: 0
Finish: 2024-04-09 04:14:46.591018
------------------------------------------------------
Started: 2024-04-09 06:14:50.348001
Existing_entries: 220
Fetching from https://rsshub.app/bilibili/weekly
append_entries: 0
Finish: 2024-04-09 06:14:50.430282
------------------------------------------------------
Started: 2024-04-09 08:14:40.403587
Existing_entries: 220
Fetching from https://rsshub.app/bilibili/weekly
append_entries: 0
Finish: 2024-04-09 08:14:40.473773
------------------------------------------------------
Started: 2024-04-09 10:14:31.184843
Existing_entries: 220
Fetching from https://rsshub.app/bilibili/weekly
append_entries: 0
Finish: 2024-04-09 10:14:31.256727
------------------------------------------------------
Started: 2024-04-09 12:20:49.045323
Existing_entries: 220
Fetching from https://rsshub.app/bilibili/weekly
append_entries: 0
Finish: 2024-04-09 12:20:49.127910
------------------------------------------------------
Started: 2024-04-09 14:11:35.442779
Existing_entries: 220
Fetching from https://rsshub.app/bilibili/weekly
append_entries: 0
Finish: 2024-04-09 14:11:35.528258
------------------------------------------------------
Started: 2024-04-09 16:13:12.113346
Existing_entries: 220
Fetching from https://rsshub.app/bilibili/weekly
append_entries: 0
Finish: 2024-04-09 16:13:12.200664
------------------------------------------------------
Started: 2024-04-09 18:13:08.084479
Existing_entries: 220
Fetching from https://rsshub.app/bilibili/weekly
append_entries: 0
Finish: 2024-04-09 18:13:08.155490
------------------------------------------------------
Started: 2024-04-09 20:11:08.627622
Existing_entries: 220
Fetching from https://rsshub.app/bilibili/weekly
append_entries: 0
Finish: 2024-04-09 20:11:08.808772
------------------------------------------------------
Started: 2024-04-09 22:10:36.119918
Existing_entries: 220
Fetching from https://rsshub.app/bilibili/weekly
append_entries: 0
Finish: 2024-04-09 22:10:36.202997
------------------------------------------------------
Started: 2024-04-10 00:50:20.255640
Existing_entries: 220
Fetching from https://rsshub.app/bilibili/weekly
append_entries: 0
Finish: 2024-04-10 00:50:20.333317
------------------------------------------------------
Started: 2024-04-10 02:19:47.289610
Existing_entries: 220
Fetching from https://rsshub.app/bilibili/weekly
append_entries: 0
Finish: 2024-04-10 02:19:47.883772
------------------------------------------------------
Started: 2024-04-10 04:13:15.636896
Existing_entries: 220
Fetching from https://rsshub.app/bilibili/weekly
append_entries: 0
Finish: 2024-04-10 04:13:15.707045
------------------------------------------------------
Started: 2024-04-10 06:15:40.979986
Existing_entries: 220
Fetching from https://rsshub.app/bilibili/weekly
append_entries: 0
Finish: 2024-04-10 06:15:41.054549
------------------------------------------------------
Started: 2024-04-10 08:16:45.461809
Existing_entries: 220
Fetching from https://rsshub.app/bilibili/weekly
append_entries: 0
Finish: 2024-04-10 08:16:45.537924
------------------------------------------------------
Started: 2024-04-10 10:11:50.466618
Existing_entries: 220
Fetching from https://rsshub.app/bilibili/weekly
append_entries: 0
Finish: 2024-04-10 10:11:50.612402
------------------------------------------------------
Started: 2024-04-10 12:19:54.664029
Existing_entries: 220
Fetching from https://rsshub.app/bilibili/weekly
append_entries: 0
Finish: 2024-04-10 12:19:54.743748
------------------------------------------------------
Started: 2024-04-10 14:10:14.624487
Existing_entries: 220
Fetching from https://rsshub.app/bilibili/weekly
append_entries: 0
Finish: 2024-04-10 14:10:14.724577
------------------------------------------------------
Started: 2024-04-10 16:16:34.562511
Existing_entries: 220
Fetching from https://rsshub.app/bilibili/weekly
append_entries: 0
Finish: 2024-04-10 16:16:34.653515
------------------------------------------------------
Started: 2024-04-10 18:15:28.862607
Existing_entries: 220
Fetching from https://rsshub.app/bilibili/weekly
append_entries: 0
Finish: 2024-04-10 18:15:28.930626
------------------------------------------------------
Started: 2024-04-10 20:11:44.191462
Existing_entries: 220
Fetching from https://rsshub.app/bilibili/weekly
append_entries: 0
Finish: 2024-04-10 20:11:44.273307
------------------------------------------------------
Started: 2024-04-10 22:13:08.519253
Existing_entries: 220
Fetching from https://rsshub.app/bilibili/weekly
append_entries: 0
Finish: 2024-04-10 22:13:08.596028
------------------------------------------------------
Started: 2024-04-11 00:51:03.082512
Existing_entries: 220
Fetching from https://rsshub.app/bilibili/weekly
append_entries: 0
Finish: 2024-04-11 00:51:03.181777
------------------------------------------------------
Started: 2024-04-11 02:20:48.176229
Existing_entries: 220
Fetching from https://rsshub.app/bilibili/weekly
append_entries: 0
Finish: 2024-04-11 02:20:48.248547
------------------------------------------------------
Started: 2024-04-11 04:13:22.131603
Existing_entries: 220
Fetching from https://rsshub.app/bilibili/weekly
append_entries: 0
Finish: 2024-04-11 04:13:22.200699
------------------------------------------------------
Started: 2024-04-11 06:15:26.967162
Existing_entries: 220
Fetching from https://rsshub.app/bilibili/weekly
append_entries: 0
Finish: 2024-04-11 06:15:27.056183
------------------------------------------------------
Started: 2024-04-11 08:14:40.031054
Existing_entries: 220
Fetching from https://rsshub.app/bilibili/weekly
append_entries: 0
Finish: 2024-04-11 08:14:40.099701
------------------------------------------------------
Started: 2024-04-11 10:12:40.696404
Existing_entries: 220
Fetching from https://rsshub.app/bilibili/weekly
append_entries: 0
Finish: 2024-04-11 10:12:40.769012
------------------------------------------------------
Started: 2024-04-11 12:19:44.765339
Existing_entries: 220
Fetching from https://rsshub.app/bilibili/weekly
append_entries: 0
Finish: 2024-04-11 12:19:44.850578
------------------------------------------------------
Started: 2024-04-11 14:10:30.561394
Existing_entries: 220
Fetching from https://rsshub.app/bilibili/weekly
append_entries: 0
Finish: 2024-04-11 14:10:30.646362
------------------------------------------------------
Started: 2024-04-11 16:12:21.499891
Existing_entries: 220
Fetching from https://rsshub.app/bilibili/weekly
append_entries: 0
Finish: 2024-04-11 16:12:21.591883
------------------------------------------------------
Started: 2024-04-11 18:13:27.956427
Existing_entries: 220
Fetching from https://rsshub.app/bilibili/weekly
append_entries: 0
Finish: 2024-04-11 18:13:28.052787
------------------------------------------------------
Started: 2024-04-11 20:11:20.534664
Existing_entries: 220
Fetching from https://rsshub.app/bilibili/weekly
append_entries: 0
Finish: 2024-04-11 20:11:20.612842
------------------------------------------------------
Started: 2024-04-11 22:10:59.365888
Existing_entries: 220
Fetching from https://rsshub.app/bilibili/weekly
append_entries: 0
Finish: 2024-04-11 22:10:59.532926
------------------------------------------------------
Started: 2024-04-12 00:50:58.732050
Existing_entries: 220
Fetching from https://rsshub.app/bilibili/weekly
append_entries: 0
Finish: 2024-04-12 00:50:58.802762
------------------------------------------------------
Started: 2024-04-12 02:22:54.472829
Existing_entries: 220
Fetching from https://rsshub.app/bilibili/weekly
append_entries: 0
Finish: 2024-04-12 02:22:54.558942
------------------------------------------------------
Started: 2024-04-12 04:13:11.041710
Existing_entries: 220
Fetching from https://rsshub.app/bilibili/weekly
append_entries: 0
Finish: 2024-04-12 04:13:11.115743
------------------------------------------------------
Started: 2024-04-12 06:15:18.942972
Existing_entries: 220
Fetching from https://rsshub.app/bilibili/weekly
append_entries: 0
Finish: 2024-04-12 06:15:19.127036
------------------------------------------------------
Started: 2024-04-12 08:14:05.689083
Existing_entries: 220
Fetching from https://rsshub.app/bilibili/weekly
append_entries: 0
Finish: 2024-04-12 08:14:05.765781
------------------------------------------------------
Started: 2024-04-12 10:12:31.467366
Existing_entries: 220
Fetching from https://rsshub.app/bilibili/weekly
append_entries: 0
Finish: 2024-04-12 10:12:31.534730
------------------------------------------------------
Started: 2024-04-12 12:20:46.586607
Existing_entries: 220
Fetching from https://rsshub.app/bilibili/weekly
Append: [⚡ 在 5:20 睡 觉 13:14 准 时 起 ！！⚡](https://www.bilibili.com/video/BV1Mx4y1Y7pJ)
Append: [【何同学】不用电，你能把一张A4纸扔多远？](https://www.bilibili.com/video/BV1cm42177xT)
Append: [不装了！彻底摆烂！2024年1月新番完结吐槽！【泛式】](https://www.bilibili.com/video/BV1ND421s7Wh)
Append: [俺是河南嘞！河南洛阳嘞【5：20AM】阿梓](https://www.bilibili.com/video/BV1dZ421q7tb)
Append: [《蔚蓝档案The Animation》第1话：阿拜多斯高等学院停办对策委员会](https://www.bilibili.com/video/BV1cZ421B7EF)
Append: [谁是纳粹的石油杀手？【硬核狠人65】](https://www.bilibili.com/video/BV13K421Y7GQ)
Append: [妈妈：我一辈子都很辛苦，但从没委屈过…](https://www.bilibili.com/video/BV13p421y7iv)
Append: [挑战花光领导的所有工资！](https://www.bilibili.com/video/BV1o1421m7Kn)
Append: [小米SU7，全国首撞！](https://www.bilibili.com/video/BV1PE421u7UV)
Append: [《重生之我在霸总短剧里当保姆8》](https://www.bilibili.com/video/BV1uE42137Kr)
Append: [“我在5:20睡觉，下课铃响准时醒”](https://www.bilibili.com/video/BV1ZF4m1K7qo)
Append: [《崩坏：星穹铁道》星旅一瞬：「命运从未公平，但……」](https://www.bilibili.com/video/BV1VH4y1M7t5)
Append: [我服了！小米SU7这续航也太……](https://www.bilibili.com/video/BV1Mx421S71B)
Append: [芯片放大几万倍，你会看到什么？](https://www.bilibili.com/video/BV17F4m1T7M2)
Append: [暴力拆解游戏数据！揭秘《只狼》只有开发者才知道的秘密](https://www.bilibili.com/video/BV1Gf421o792)
Append: [一日和三餐](https://www.bilibili.com/video/BV1xq421w7m3)
Append: [100人公司蒙眼抓人，胜者瓜分4万元！影视飓风破产团建3.0](https://www.bilibili.com/video/BV1xq421w7dn)
Append: [辞职创业6年，极速拍档经历了什么？](https://www.bilibili.com/video/BV1o1421m7C9)
Append: [芬兰家人第一次在海南狂吃脆皮烤乳猪海鲜大餐惊呼太香啦！横扫夜市买买买！离开中国最后一天感动流泪！](https://www.bilibili.com/video/BV13x421S7re)
Append: [《明日方舟》SideStory「巴别塔」活动宣传PV](https://www.bilibili.com/video/BV1Jp421y72e)
Append: [《谢天谢帝》官方MV 诺米么lodmemo](https://www.bilibili.com/video/BV1eA4m1F7LC)
Append: [《涅槃》](https://www.bilibili.com/video/BV1RA4m1A78u)
Append: [开春了！小朋友们注意卫生！](https://www.bilibili.com/video/BV12p421y71K)
Append: [我在韩国花7000租到了韩剧里韩国财阀的家](https://www.bilibili.com/video/BV1EF4m1T78N)
Append: [偷的是我家啊！](https://www.bilibili.com/video/BV1Bm421779V)
Append: [霸总的她回来了！](https://www.bilibili.com/video/BV1Am411B7UQ)
Append: [结婚4年，我们又做回了同学…](https://www.bilibili.com/video/BV1gC411L7Q5)
Append: [【warma】诶，你有没有听见花在说话？](https://www.bilibili.com/video/BV1PZ421q7VF)
Append: [挑战把豹纹染在头上！没想到居然…](https://www.bilibili.com/video/BV1hH4y1J7HJ)
Append: [【逆水寒x杨丽萍】春日浪漫雀恋和鸣，江湖再现最美舞台《雀之恋》](https://www.bilibili.com/video/BV1d1421m7DE)
Append: [大学生第一次出国，弟弟：下次可以不和3个姐姐出门吗？](https://www.bilibili.com/video/BV1am41167pK)
Append: [黑熊精入职记](https://www.bilibili.com/video/BV1Ar4214742)
Append: [就这样的经历 谁来都得上头！](https://www.bilibili.com/video/BV1Jm421E751)
Append: [从《三生三世》到《花间令》：配平诅咒如何腐蚀女主灵魂？劲草变桃花，画皮不画骨。](https://www.bilibili.com/video/BV17m411z7wa)
Append: [终于帮“道上大哥”们办完事儿了，再次见到他们 我的待遇都不一样了](https://www.bilibili.com/video/BV1Zm411z7GC)
Append: [广东人是怎么过清明节的？](https://www.bilibili.com/video/BV1uC411L7gg)
Append: [【宋雨琦】- 'Could It Be' M/V](https://www.bilibili.com/video/BV1R1421272v)
Append: [一把伞10万，车标24万？劳斯莱斯凭什么这么贵？【阿Test正经比比】](https://www.bilibili.com/video/BV1Jm411B7Rt)
Append: [自从有了小孩，我的疑问不断。](https://www.bilibili.com/video/BV1vH4y1T7Nd)
Append: [连自己老婆都不认识！还敢说你爱她？](https://www.bilibili.com/video/BV13J4m1V73k)
Append: [你是否也曾想过环游世界？](https://www.bilibili.com/video/BV1Cm421E7iP)
Append: [极致4D电竞房！4090车载电脑，自带0℃制冷畅玩3A大作！【科技达】](https://www.bilibili.com/video/BV1yf421o7cX)
Append: [吃鱼天花板](https://www.bilibili.com/video/BV1zJ4m157Qz)
Append: [国产仙侠，死于仙凡鄙视链 | 从《天外飞仙》谈高级仙侠的be美学](https://www.bilibili.com/video/BV1DF4m1K7L6)
append_entries: 44
Finish: 2024-04-12 12:20:46.699916
------------------------------------------------------
Started: 2024-04-12 14:10:33.707891
Existing_entries: 264
Fetching from https://rsshub.app/bilibili/weekly
append_entries: 0
Finish: 2024-04-12 14:10:33.892477
------------------------------------------------------
Started: 2024-04-12 16:13:59.473966
Existing_entries: 264
Fetching from https://rsshub.app/bilibili/weekly
append_entries: 0
Finish: 2024-04-12 16:13:59.559826
------------------------------------------------------
Started: 2024-04-12 18:12:24.330761
Existing_entries: 264
Fetching from https://rsshub.app/bilibili/weekly
append_entries: 0
Finish: 2024-04-12 18:12:24.416387
------------------------------------------------------
Started: 2024-04-12 20:11:38.964087
Existing_entries: 264
Fetching from https://rsshub.app/bilibili/weekly
append_entries: 0
Finish: 2024-04-12 20:11:39.047631
------------------------------------------------------
Started: 2024-04-12 22:09:46.772248
Existing_entries: 264
Fetching from https://rsshub.app/bilibili/weekly
append_entries: 0
Finish: 2024-04-12 22:09:46.896317
------------------------------------------------------
Started: 2024-04-13 00:41:21.913751
Existing_entries: 264
Fetching from https://rsshub.app/bilibili/weekly
append_entries: 0
Finish: 2024-04-13 00:41:22.004819
------------------------------------------------------
Started: 2024-04-13 02:10:54.935769
Existing_entries: 264
Fetching from https://rsshub.app/bilibili/weekly
append_entries: 0
Finish: 2024-04-13 02:10:55.021485
------------------------------------------------------
Started: 2024-04-13 04:12:39.470273
Existing_entries: 264
Fetching from https://rsshub.app/bilibili/weekly
append_entries: 0
Finish: 2024-04-13 04:12:39.551807
------------------------------------------------------
Started: 2024-04-13 06:11:39.363770
Existing_entries: 264
Fetching from https://rsshub.app/bilibili/weekly
append_entries: 0
Finish: 2024-04-13 06:11:39.451058
------------------------------------------------------
Started: 2024-04-13 08:11:09.016281
Existing_entries: 264
Fetching from https://rsshub.app/bilibili/weekly
append_entries: 0
Finish: 2024-04-13 08:11:09.099135
------------------------------------------------------
Started: 2024-04-13 10:09:46.183142
Existing_entries: 264
Fetching from https://rsshub.app/bilibili/weekly
append_entries: 0
Finish: 2024-04-13 10:09:46.269795
------------------------------------------------------
Started: 2024-04-13 12:17:02.694511
Existing_entries: 264
Fetching from https://rsshub.app/bilibili/weekly
append_entries: 0
Finish: 2024-04-13 12:17:02.794638
------------------------------------------------------
Started: 2024-04-13 14:10:47.063782
Existing_entries: 264
Fetching from https://rsshub.app/bilibili/weekly
append_entries: 0
Finish: 2024-04-13 14:10:47.151528
------------------------------------------------------
Started: 2024-04-13 16:13:26.463092
Existing_entries: 264
Fetching from https://rsshub.app/bilibili/weekly
append_entries: 0
Finish: 2024-04-13 16:13:26.555347
------------------------------------------------------
Started: 2024-04-13 18:11:39.404032
Existing_entries: 264
Fetching from https://rsshub.app/bilibili/weekly
append_entries: 0
Finish: 2024-04-13 18:11:39.491399
------------------------------------------------------
Started: 2024-04-13 20:09:48.701739
Existing_entries: 264
Fetching from https://rsshub.app/bilibili/weekly
append_entries: 0
Finish: 2024-04-13 20:09:48.786477
------------------------------------------------------
Started: 2024-04-13 22:09:46.333513
Existing_entries: 264
Fetching from https://rsshub.app/bilibili/weekly
append_entries: 0
Finish: 2024-04-13 22:09:46.538569
------------------------------------------------------
Started: 2024-04-14 01:09:01.096989
Existing_entries: 264
Fetching from https://rsshub.app/bilibili/weekly
append_entries: 0
Finish: 2024-04-14 01:09:01.186677
------------------------------------------------------
Started: 2024-04-14 03:13:46.243276
Existing_entries: 264
Fetching from https://rsshub.app/bilibili/weekly
append_entries: 0
Finish: 2024-04-14 03:13:46.389764
------------------------------------------------------
Started: 2024-04-14 04:35:21.276952
Existing_entries: 264
Fetching from https://rsshub.app/bilibili/weekly
append_entries: 0
Finish: 2024-04-14 04:35:21.368319
------------------------------------------------------
Started: 2024-04-14 07:51:31.019973
Existing_entries: 264
Fetching from https://rsshub.app/bilibili/weekly
append_entries: 0
Finish: 2024-04-14 07:51:31.196458
------------------------------------------------------
Started: 2024-04-14 10:37:10.598186
Existing_entries: 264
Fetching from https://rsshub.app/bilibili/weekly
append_entries: 0
Finish: 2024-04-14 10:37:10.674451
------------------------------------------------------
Started: 2024-04-14 14:40:56.583693
Existing_entries: 264
Fetching from https://rsshub.app/bilibili/weekly
append_entries: 0
Finish: 2024-04-14 14:40:56.658411
------------------------------------------------------
Started: 2024-04-14 22:28:54.646676
Existing_entries: 264
Fetching from https://rsshub.app/bilibili/weekly
append_entries: 0
Finish: 2024-04-14 22:28:54.746388
------------------------------------------------------
Started: 2024-04-15 03:15:10.456870
Existing_entries: 264
Fetching from https://rsshub.app/bilibili/weekly
append_entries: 0
Finish: 2024-04-15 03:15:10.539853
------------------------------------------------------
Started: 2024-04-15 04:27:05.980705
Existing_entries: 264
Fetching from https://rsshub.app/bilibili/weekly
append_entries: 0
Finish: 2024-04-15 04:27:06.058550
------------------------------------------------------
Started: 2024-04-15 06:16:24.177085
Existing_entries: 264
Fetching from https://rsshub.app/bilibili/weekly
append_entries: 0
Finish: 2024-04-15 06:16:24.257679
------------------------------------------------------
Started: 2024-04-15 08:11:56.262938
Existing_entries: 264
Fetching from https://rsshub.app/bilibili/weekly
append_entries: 0
Finish: 2024-04-15 08:11:56.342434
------------------------------------------------------
Started: 2024-04-15 10:11:18.812020
Existing_entries: 264
Fetching from https://rsshub.app/bilibili/weekly
append_entries: 0
Finish: 2024-04-15 10:11:19.002169
------------------------------------------------------
Started: 2024-04-15 12:21:46.232457
Existing_entries: 264
Fetching from https://rsshub.app/bilibili/weekly
append_entries: 0
Finish: 2024-04-15 12:21:46.321510
------------------------------------------------------
Started: 2024-04-15 14:10:44.404919
Existing_entries: 264
Fetching from https://rsshub.app/bilibili/weekly
append_entries: 0
Finish: 2024-04-15 14:10:44.493753
------------------------------------------------------
Started: 2024-04-15 16:13:54.746714
Existing_entries: 264
Fetching from https://rsshub.app/bilibili/weekly
append_entries: 0
Finish: 2024-04-15 16:13:54.845088
------------------------------------------------------
Started: 2024-04-15 18:14:00.356076
Existing_entries: 264
Fetching from https://rsshub.app/bilibili/weekly
append_entries: 0
Finish: 2024-04-15 18:14:00.439538
------------------------------------------------------
Started: 2024-04-15 20:11:15.859212
Existing_entries: 264
Fetching from https://rsshub.app/bilibili/weekly
append_entries: 0
Finish: 2024-04-15 20:11:16.072305
------------------------------------------------------
Started: 2024-04-15 22:10:31.531141
Existing_entries: 264
Fetching from https://rsshub.app/bilibili/weekly
append_entries: 0
Finish: 2024-04-15 22:10:31.610772
------------------------------------------------------
Started: 2024-04-16 00:50:34.638772
Existing_entries: 264
Fetching from https://rsshub.app/bilibili/weekly
append_entries: 0
Finish: 2024-04-16 00:50:34.715733
------------------------------------------------------
Started: 2024-04-16 02:19:43.894113
Existing_entries: 264
Fetching from https://rsshub.app/bilibili/weekly
append_entries: 0
Finish: 2024-04-16 02:19:43.993335
------------------------------------------------------
Started: 2024-04-16 04:13:46.596948
Existing_entries: 264
Fetching from https://rsshub.app/bilibili/weekly
append_entries: 0
Finish: 2024-04-16 04:13:46.676209
------------------------------------------------------
Started: 2024-04-16 06:14:31.616989
Existing_entries: 264
Fetching from https://rsshub.app/bilibili/weekly
append_entries: 0
Finish: 2024-04-16 06:14:31.691124
------------------------------------------------------
Started: 2024-04-16 08:14:07.456325
Existing_entries: 264
Fetching from https://rsshub.app/bilibili/weekly
append_entries: 0
Finish: 2024-04-16 08:14:07.534455
------------------------------------------------------
Started: 2024-04-16 10:12:14.972585
Existing_entries: 264
Fetching from https://rsshub.app/bilibili/weekly
append_entries: 0
Finish: 2024-04-16 10:12:15.046188
------------------------------------------------------
Started: 2024-04-16 12:20:43.042682
Existing_entries: 264
Fetching from https://rsshub.app/bilibili/weekly
append_entries: 0
Finish: 2024-04-16 12:20:43.133677
------------------------------------------------------
Started: 2024-04-16 14:11:25.971762
Existing_entries: 264
Fetching from https://rsshub.app/bilibili/weekly
append_entries: 0
Finish: 2024-04-16 14:11:26.323723
------------------------------------------------------
Started: 2024-04-16 16:14:08.269720
Existing_entries: 264
Fetching from https://rsshub.app/bilibili/weekly
append_entries: 0
Finish: 2024-04-16 16:14:08.457176
------------------------------------------------------
Started: 2024-04-16 18:13:42.090918
Existing_entries: 264
Fetching from https://rsshub.app/bilibili/weekly
append_entries: 0
Finish: 2024-04-16 18:13:42.205668
------------------------------------------------------
Started: 2024-04-16 20:11:37.969217
Existing_entries: 264
Fetching from https://rsshub.app/bilibili/weekly
append_entries: 0
Finish: 2024-04-16 20:11:38.072999
------------------------------------------------------
Started: 2024-04-16 22:11:02.338996
Existing_entries: 264
Fetching from https://rsshub.app/bilibili/weekly
append_entries: 0
Finish: 2024-04-16 22:11:02.432057
------------------------------------------------------
Started: 2024-04-17 00:51:39.191784
Existing_entries: 264
Fetching from https://rsshub.app/bilibili/weekly
append_entries: 0
Finish: 2024-04-17 00:51:39.292664
------------------------------------------------------
Started: 2024-04-17 02:21:38.285423
Existing_entries: 264
Fetching from https://rsshub.app/bilibili/weekly
append_entries: 0
Finish: 2024-04-17 02:21:38.451231
------------------------------------------------------
Started: 2024-04-17 04:14:55.764482
Existing_entries: 264
Fetching from https://rsshub.app/bilibili/weekly
append_entries: 0
Finish: 2024-04-17 04:14:55.965880
------------------------------------------------------
Started: 2024-04-17 06:17:22.819386
Existing_entries: 264
Fetching from https://rsshub.app/bilibili/weekly
append_entries: 0
Finish: 2024-04-17 06:17:22.894534
------------------------------------------------------
Started: 2024-04-17 08:14:55.355081
Existing_entries: 264
Fetching from https://rsshub.app/bilibili/weekly
append_entries: 0
Finish: 2024-04-17 08:14:55.429652
------------------------------------------------------
Started: 2024-04-17 10:12:32.788511
Existing_entries: 264
Fetching from https://rsshub.app/bilibili/weekly
append_entries: 0
Finish: 2024-04-17 10:12:32.878353
------------------------------------------------------
Started: 2024-04-17 12:20:30.415986
Existing_entries: 264
Fetching from https://rsshub.app/bilibili/weekly
append_entries: 0
Finish: 2024-04-17 12:20:30.494679
------------------------------------------------------
Started: 2024-04-17 14:11:42.989217
Existing_entries: 264
Fetching from https://rsshub.app/bilibili/weekly
append_entries: 0
Finish: 2024-04-17 14:11:43.186647
------------------------------------------------------
Started: 2024-04-17 16:14:58.648180
Existing_entries: 264
Fetching from https://rsshub.app/bilibili/weekly
append_entries: 0
Finish: 2024-04-17 16:14:58.795087
------------------------------------------------------
Started: 2024-04-17 18:14:14.902555
Existing_entries: 264
Fetching from https://rsshub.app/bilibili/weekly
append_entries: 0
Finish: 2024-04-17 18:14:15.257474
------------------------------------------------------
Started: 2024-04-17 20:11:38.696846
Existing_entries: 264
Fetching from https://rsshub.app/bilibili/weekly
append_entries: 0
Finish: 2024-04-17 20:11:38.776139
------------------------------------------------------
Started: 2024-04-17 22:10:13.235553
Existing_entries: 264
Fetching from https://rsshub.app/bilibili/weekly
append_entries: 0
Finish: 2024-04-17 22:10:13.338207
------------------------------------------------------
Started: 2024-04-18 00:50:47.115032
Existing_entries: 264
Fetching from https://rsshub.app/bilibili/weekly
append_entries: 0
Finish: 2024-04-18 00:50:47.495629
------------------------------------------------------
Started: 2024-04-18 02:20:29.532865
Existing_entries: 264
Fetching from https://rsshub.app/bilibili/weekly
append_entries: 0
Finish: 2024-04-18 02:20:29.621362
------------------------------------------------------
Started: 2024-04-18 04:13:22.422479
Existing_entries: 264
Fetching from https://rsshub.app/bilibili/weekly
append_entries: 0
Finish: 2024-04-18 04:13:22.503296
------------------------------------------------------
Started: 2024-04-18 06:15:56.059253
Existing_entries: 264
Fetching from https://rsshub.app/bilibili/weekly
append_entries: 0
Finish: 2024-04-18 06:15:56.153443
------------------------------------------------------
Started: 2024-04-18 08:15:34.879977
Existing_entries: 264
Fetching from https://rsshub.app/bilibili/weekly
append_entries: 0
Finish: 2024-04-18 08:15:34.959603
------------------------------------------------------
Started: 2024-04-18 10:13:59.297931
Existing_entries: 264
Fetching from https://rsshub.app/bilibili/weekly
append_entries: 0
Finish: 2024-04-18 10:13:59.387025
------------------------------------------------------
Started: 2024-04-18 12:19:52.786073
Existing_entries: 264
Fetching from https://rsshub.app/bilibili/weekly
append_entries: 0
Finish: 2024-04-18 12:19:52.867731
------------------------------------------------------
Started: 2024-04-18 14:10:46.426760
Existing_entries: 264
Fetching from https://rsshub.app/bilibili/weekly
append_entries: 0
Finish: 2024-04-18 14:10:46.538650
------------------------------------------------------
Started: 2024-04-18 16:14:27.217856
Existing_entries: 264
Fetching from https://rsshub.app/bilibili/weekly
append_entries: 0
Finish: 2024-04-18 16:14:27.318763
------------------------------------------------------
Started: 2024-04-18 18:14:26.066189
Existing_entries: 264
Fetching from https://rsshub.app/bilibili/weekly
append_entries: 0
Finish: 2024-04-18 18:14:26.163721
------------------------------------------------------
Started: 2024-04-18 20:12:17.383637
Existing_entries: 264
Fetching from https://rsshub.app/bilibili/weekly
append_entries: 0
Finish: 2024-04-18 20:12:17.472706
------------------------------------------------------
Started: 2024-04-18 22:10:11.395435
Existing_entries: 264
Fetching from https://rsshub.app/bilibili/weekly
append_entries: 0
Finish: 2024-04-18 22:10:11.480349
------------------------------------------------------
Started: 2024-04-19 00:51:44.203031
Existing_entries: 264
Fetching from https://rsshub.app/bilibili/weekly
append_entries: 0
Finish: 2024-04-19 00:51:44.303628
------------------------------------------------------
Started: 2024-04-19 02:22:20.968957
Existing_entries: 264
Fetching from https://rsshub.app/bilibili/weekly
append_entries: 0
Finish: 2024-04-19 02:22:21.063199
------------------------------------------------------
Started: 2024-04-19 04:13:29.438185
Existing_entries: 264
Fetching from https://rsshub.app/bilibili/weekly
append_entries: 0
Finish: 2024-04-19 04:13:29.521157
------------------------------------------------------
Started: 2024-04-19 06:15:42.281785
Existing_entries: 264
Fetching from https://rsshub.app/bilibili/weekly
append_entries: 0
Finish: 2024-04-19 06:15:42.368873
------------------------------------------------------
Started: 2024-04-19 08:14:35.583622
Existing_entries: 264
Fetching from https://rsshub.app/bilibili/weekly
append_entries: 0
Finish: 2024-04-19 08:14:35.665602
------------------------------------------------------
Started: 2024-04-19 10:13:44.035291
Existing_entries: 264
Fetching from https://rsshub.app/bilibili/weekly
append_entries: 0
Finish: 2024-04-19 10:13:44.122411
------------------------------------------------------
Started: 2024-04-19 12:20:10.070092
Existing_entries: 264
Fetching from https://rsshub.app/bilibili/weekly
Append: [【原神HoYoFair】等级不是问题](https://www.bilibili.com/video/BV19x4y1a7PB)
Append: [满足了甲方的癖好♥](https://www.bilibili.com/video/BV1iC411G7aN)
Append: [这个家没王妈真得散！！](https://www.bilibili.com/video/BV1AC41137Sr)
Append: [摆拍，编剧本，网红上热搜，短视频是怎样恶心全国的？【围炉夜话】](https://www.bilibili.com/video/BV1wx421U75n)
Append: [《原神》动画短片——「烬中歌」](https://www.bilibili.com/video/BV1xZ421Y7a1)
Append: [我那些被人当成AI生成的摄影作品……献丑了](https://www.bilibili.com/video/BV1SJ4m1p7H1)
Append: [苏联人如何搞互联网？【神奇组织19】](https://www.bilibili.com/video/BV1jz421C7Js)
Append: [春笋做四道菜](https://www.bilibili.com/video/BV12q421c7ZL)
Append: [2位戴着金属头盔的「机器人」，拿下6座格莱美｜时髦音乐‘电台’](https://www.bilibili.com/video/BV1px4y187Kb)
Append: [《崩坏：星穹铁道》砂金角色PV——「金手指」](https://www.bilibili.com/video/BV12x421m7K9)
Append: [我好像整了个水滴，大家注意闪避！](https://www.bilibili.com/video/BV1nZ421B7He)
Append: [小米SU7性能对决极氪007！谁更快？](https://www.bilibili.com/video/BV1jt42177xt)
Append: [张镇辉台球正经教学【6个不太建议使用的技巧】18.0版本](https://www.bilibili.com/video/BV1Qx4y1Y7XU)
Append: [嬛嬛，今天是江南style噢](https://www.bilibili.com/video/BV1iZ421Y7P8)
Append: [论背着公司兼职与出轨的适配度](https://www.bilibili.com/video/BV17E421K79u)
Append: [全网首发！UP主亲身实弹测试！特斯拉赛博皮卡到底防不放弹？](https://www.bilibili.com/video/BV11E421T7mx)
Append: [当我带老爸欣赏弱智吧语录，看完感觉我才是弱智](https://www.bilibili.com/video/BV1Mp421X7Wx)
Append: [编故事大王（3）](https://www.bilibili.com/video/BV11m411z7rx)
Append: [⚡我 在 5:20 睡 觉 13:14 准 时 起！⚡](https://www.bilibili.com/video/BV15M4m1Q7zN)
Append: [重生之我回到末日前建设末日地堡（一）](https://www.bilibili.com/video/BV1Wt421E7B9)
Append: [带你一起体验没大没小@爱鼓捣的邢志磊](https://www.bilibili.com/video/BV1W1421Z7eh)
Append: [「小白」华为Pura70 Ultra体验：1英寸伸缩镜头！](https://www.bilibili.com/video/BV1yt421P7kT)
Append: [斑 与 柱 间](https://www.bilibili.com/video/BV1ir421V7mb)
Append: [黑暗中，总有人身披霞光，走过十万八千里](https://www.bilibili.com/video/BV1dC41137dt)
Append: [当我来到世界尽头](https://www.bilibili.com/video/BV1Vx4y1a7VB)
Append: [吊车尾也有春天](https://www.bilibili.com/video/BV12i421f7X9)
Append: [诸位 可愿为本帅俯首](https://www.bilibili.com/video/BV1et421J7iP)
Append: [成本几十到几百万，影视造雪技术如何骗过你的眼睛？](https://www.bilibili.com/video/BV1xt421P7ob)
Append: [老伦敦正米字旗的前任回复信](https://www.bilibili.com/video/BV1ez421C79f)
Append: [“双胞胎弟弟去世之后，我爱上了他的女朋友”](https://www.bilibili.com/video/BV1u1421Z71P)
Append: [由于封面太像二创导致没人点进来看？【萨姆cos】](https://www.bilibili.com/video/BV16r421V7b6)
Append: [芬兰家人第一次看百大领奖现场被惊到傻眼全家笑疯！疯狂抢食腊排骨火锅豆豉火锅太惊艳！畅聊中国行开心到裂开！](https://www.bilibili.com/video/BV1Mi421f7Pz)
Append: [当熊出没遇到《wake》，整个狗熊岭都燃起来了！](https://www.bilibili.com/video/BV1RA4m1F7da)
Append: [周深专辑《反深代词》先行曲《蜃楼》MV](https://www.bilibili.com/video/BV11M4m1S7nR)
Append: [我在玩一种很新的植物大战僵尸](https://www.bilibili.com/video/BV1h1421o78H)
Append: [万元光机拆给你看！极米 RS 10 Ultra 投影仪评测](https://www.bilibili.com/video/BV1Mx421U7DZ)
Append: [（ 我 年 轻 的 时 候 .. 嘿 嘿 .. ）](https://www.bilibili.com/video/BV1hz421C7BH)
Append: [消失的地方电视台：主持人跑路、全天虚假广告和领导的政务Vlog](https://www.bilibili.com/video/BV1tm421x7dq)
Append: [使大劲儿看看珍珠上画了什么～～](https://www.bilibili.com/video/BV1vM4m1D7My)
Append: [【STN快报第七季53】为了拿百大我搞死了所有同事](https://www.bilibili.com/video/BV15w4m1m7ap)
append_entries: 40
Finish: 2024-04-19 12:20:10.153229
------------------------------------------------------
Started: 2024-04-19 14:10:20.732929
Existing_entries: 304
Fetching from https://rsshub.app/bilibili/weekly
append_entries: 0
Finish: 2024-04-19 14:10:20.828189
------------------------------------------------------
Started: 2024-04-19 16:13:24.890367
Existing_entries: 304
Fetching from https://rsshub.app/bilibili/weekly
append_entries: 0
Finish: 2024-04-19 16:13:25.041731
------------------------------------------------------
Started: 2024-04-19 18:14:31.974866
Existing_entries: 304
Fetching from https://rsshub.app/bilibili/weekly
append_entries: 0
Finish: 2024-04-19 18:14:32.073807
------------------------------------------------------
Started: 2024-04-19 20:11:34.892995
Existing_entries: 304
Fetching from https://rsshub.app/bilibili/weekly
append_entries: 0
Finish: 2024-04-19 20:11:34.973513
------------------------------------------------------
Started: 2024-04-19 22:10:00.854467
Existing_entries: 304
Fetching from https://rsshub.app/bilibili/weekly
append_entries: 0
Finish: 2024-04-19 22:10:00.950238
------------------------------------------------------
Started: 2024-04-20 00:51:36.184540
Existing_entries: 304
Fetching from https://rsshub.app/bilibili/weekly
append_entries: 0
Finish: 2024-04-20 00:51:36.383416
------------------------------------------------------
Started: 2024-04-20 02:18:23.874816
Existing_entries: 304
Fetching from https://rsshub.app/bilibili/weekly
append_entries: 0
Finish: 2024-04-20 02:18:23.949194
------------------------------------------------------
Started: 2024-04-20 04:14:49.290284
Existing_entries: 304
Fetching from https://rsshub.app/bilibili/weekly
append_entries: 0
Finish: 2024-04-20 04:14:49.373599
------------------------------------------------------
Started: 2024-04-20 06:13:31.271546
Existing_entries: 304
Fetching from https://rsshub.app/bilibili/weekly
append_entries: 0
Finish: 2024-04-20 06:13:31.391190
------------------------------------------------------
Started: 2024-04-20 08:12:30.881237
Existing_entries: 304
Fetching from https://rsshub.app/bilibili/weekly
append_entries: 0
Finish: 2024-04-20 08:12:31.064399
------------------------------------------------------
Started: 2024-04-20 10:11:30.238444
Existing_entries: 304
Fetching from https://rsshub.app/bilibili/weekly
append_entries: 0
Finish: 2024-04-20 10:11:30.316664
------------------------------------------------------
Started: 2024-04-20 12:19:37.650597
Existing_entries: 304
Fetching from https://rsshub.app/bilibili/weekly
append_entries: 0
Finish: 2024-04-20 12:19:37.743646
------------------------------------------------------
Started: 2024-04-20 14:09:11.815843
Existing_entries: 304
Fetching from https://rsshub.app/bilibili/weekly
append_entries: 0
Finish: 2024-04-20 14:09:11.898442
------------------------------------------------------
Started: 2024-04-20 16:13:40.120250
Existing_entries: 304
Fetching from https://rsshub.app/bilibili/weekly
append_entries: 0
Finish: 2024-04-20 16:13:40.206489
------------------------------------------------------
Started: 2024-04-20 18:14:14.964578
Existing_entries: 304
Fetching from https://rsshub.app/bilibili/weekly
append_entries: 0
Finish: 2024-04-20 18:14:15.060961
------------------------------------------------------
Started: 2024-04-20 20:10:50.047838
Existing_entries: 304
Fetching from https://rsshub.app/bilibili/weekly
append_entries: 0
Finish: 2024-04-20 20:10:50.123991
------------------------------------------------------
Started: 2024-04-20 22:10:50.893128
Existing_entries: 304
Fetching from https://rsshub.app/bilibili/weekly
append_entries: 0
Finish: 2024-04-20 22:10:50.971709
------------------------------------------------------
Started: 2024-04-21 00:55:08.176545
Existing_entries: 304
Fetching from https://rsshub.app/bilibili/weekly
append_entries: 0
Finish: 2024-04-21 00:55:08.266584
------------------------------------------------------
Started: 2024-04-21 02:22:49.175053
Existing_entries: 304
Fetching from https://rsshub.app/bilibili/weekly
append_entries: 0
Finish: 2024-04-21 02:22:49.274262
------------------------------------------------------
Started: 2024-04-21 04:12:57.667084
Existing_entries: 304
Fetching from https://rsshub.app/bilibili/weekly
append_entries: 0
Finish: 2024-04-21 04:12:57.776183
------------------------------------------------------
Started: 2024-04-21 06:15:20.518781
Existing_entries: 304
Fetching from https://rsshub.app/bilibili/weekly
append_entries: 0
Finish: 2024-04-21 06:15:20.636457
------------------------------------------------------
Started: 2024-04-21 08:13:24.859467
Existing_entries: 304
Fetching from https://rsshub.app/bilibili/weekly
append_entries: 0
Finish: 2024-04-21 08:13:24.932721
------------------------------------------------------
Started: 2024-04-21 10:10:35.740765
Existing_entries: 304
Fetching from https://rsshub.app/bilibili/weekly
append_entries: 0
Finish: 2024-04-21 10:10:35.814126
------------------------------------------------------
Started: 2024-04-21 12:20:06.127650
Existing_entries: 304
Fetching from https://rsshub.app/bilibili/weekly
append_entries: 0
Finish: 2024-04-21 12:20:06.200305
------------------------------------------------------
Started: 2024-04-21 14:10:38.420051
Existing_entries: 304
Fetching from https://rsshub.app/bilibili/weekly
append_entries: 0
Finish: 2024-04-21 14:10:38.515129
------------------------------------------------------
Started: 2024-04-21 16:14:37.256751
Existing_entries: 304
Fetching from https://rsshub.app/bilibili/weekly
append_entries: 0
Finish: 2024-04-21 16:14:37.343708
------------------------------------------------------
Started: 2024-04-21 18:14:36.539552
Existing_entries: 304
Fetching from https://rsshub.app/bilibili/weekly
append_entries: 0
Finish: 2024-04-21 18:14:36.619179
------------------------------------------------------
Started: 2024-04-21 20:11:45.613750
Existing_entries: 304
Fetching from https://rsshub.app/bilibili/weekly
append_entries: 0
Finish: 2024-04-21 20:11:45.691530
------------------------------------------------------
Started: 2024-04-21 22:11:22.339060
Existing_entries: 304
Fetching from https://rsshub.app/bilibili/weekly
append_entries: 0
Finish: 2024-04-21 22:11:22.415005
------------------------------------------------------
Started: 2024-04-22 00:53:15.528940
Existing_entries: 304
Fetching from https://rsshub.app/bilibili/weekly
append_entries: 0
Finish: 2024-04-22 00:53:15.614381
------------------------------------------------------
Started: 2024-04-22 02:23:21.025627
Existing_entries: 304
Fetching from https://rsshub.app/bilibili/weekly
append_entries: 0
Finish: 2024-04-22 02:23:21.117516
------------------------------------------------------
Started: 2024-04-22 04:13:35.896987
Existing_entries: 304
Fetching from https://rsshub.app/bilibili/weekly
append_entries: 0
Finish: 2024-04-22 04:13:35.971005
------------------------------------------------------
Started: 2024-04-22 06:15:58.202350
Existing_entries: 304
Fetching from https://rsshub.app/bilibili/weekly
append_entries: 0
Finish: 2024-04-22 06:15:58.287236
------------------------------------------------------
Started: 2024-04-22 08:16:19.234737
Existing_entries: 304
Fetching from https://rsshub.app/bilibili/weekly
append_entries: 0
Finish: 2024-04-22 08:16:19.319239
------------------------------------------------------
Started: 2024-04-22 10:13:46.005402
Existing_entries: 304
Fetching from https://rsshub.app/bilibili/weekly
append_entries: 0
Finish: 2024-04-22 10:13:46.090803
------------------------------------------------------
Started: 2024-04-22 12:21:50.581247
Existing_entries: 304
Fetching from https://rsshub.app/bilibili/weekly
append_entries: 0
Finish: 2024-04-22 12:21:50.672336
------------------------------------------------------
Started: 2024-04-22 14:11:44.729597
Existing_entries: 304
Fetching from https://rsshub.app/bilibili/weekly
append_entries: 0
Finish: 2024-04-22 14:11:44.811017
------------------------------------------------------
Started: 2024-04-22 16:14:04.113763
Existing_entries: 304
Fetching from https://rsshub.app/bilibili/weekly
append_entries: 0
Finish: 2024-04-22 16:14:04.275452
------------------------------------------------------
Started: 2024-04-22 18:14:16.691476
Existing_entries: 304
Fetching from https://rsshub.app/bilibili/weekly
append_entries: 0
Finish: 2024-04-22 18:14:16.802348
------------------------------------------------------
Started: 2024-04-22 20:12:23.610263
Existing_entries: 304
Fetching from https://rsshub.app/bilibili/weekly
append_entries: 0
Finish: 2024-04-22 20:12:23.763478
------------------------------------------------------
Started: 2024-04-22 22:12:46.736909
Existing_entries: 304
Fetching from https://rsshub.app/bilibili/weekly
append_entries: 0
Finish: 2024-04-22 22:12:46.828039
------------------------------------------------------
Started: 2024-04-23 00:51:57.356316
Existing_entries: 304
Fetching from https://rsshub.app/bilibili/weekly
append_entries: 0
Finish: 2024-04-23 00:51:57.455799
------------------------------------------------------
Started: 2024-04-23 02:23:25.196191
Existing_entries: 304
Fetching from https://rsshub.app/bilibili/weekly
append_entries: 0
Finish: 2024-04-23 02:23:25.271595
------------------------------------------------------
Started: 2024-04-23 04:14:29.176419
Existing_entries: 304
Fetching from https://rsshub.app/bilibili/weekly
append_entries: 0
Finish: 2024-04-23 04:14:29.286253
------------------------------------------------------
Started: 2024-04-23 06:15:27.785474
Existing_entries: 304
Fetching from https://rsshub.app/bilibili/weekly
append_entries: 0
Finish: 2024-04-23 06:15:27.970328
------------------------------------------------------
Started: 2024-04-23 08:14:43.963773
Existing_entries: 304
Fetching from https://rsshub.app/bilibili/weekly
append_entries: 0
Finish: 2024-04-23 08:14:44.037095
------------------------------------------------------
Started: 2024-04-23 10:12:08.138620
Existing_entries: 304
Fetching from https://rsshub.app/bilibili/weekly
append_entries: 0
Finish: 2024-04-23 10:12:08.248543
------------------------------------------------------
Started: 2024-04-23 12:21:44.985754
Existing_entries: 304
Fetching from https://rsshub.app/bilibili/weekly
append_entries: 0
Finish: 2024-04-23 12:21:45.071013
------------------------------------------------------
Started: 2024-04-23 14:11:31.623874
Existing_entries: 304
Fetching from https://rsshub.app/bilibili/weekly
append_entries: 0
Finish: 2024-04-23 14:11:31.724166
------------------------------------------------------
Started: 2024-04-23 16:14:00.078798
Existing_entries: 304
Fetching from https://rsshub.app/bilibili/weekly
append_entries: 0
Finish: 2024-04-23 16:14:00.185348
------------------------------------------------------
Started: 2024-04-23 18:13:47.709653
Existing_entries: 304
Fetching from https://rsshub.app/bilibili/weekly
append_entries: 0
Finish: 2024-04-23 18:13:47.790108
------------------------------------------------------
Started: 2024-04-23 20:11:33.735727
Existing_entries: 304
Fetching from https://rsshub.app/bilibili/weekly
append_entries: 0
Finish: 2024-04-23 20:11:33.926487
------------------------------------------------------
Started: 2024-04-23 22:12:46.606890
Existing_entries: 304
Fetching from https://rsshub.app/bilibili/weekly
append_entries: 0
Finish: 2024-04-23 22:12:46.704461
------------------------------------------------------
Started: 2024-04-24 00:51:27.221264
Existing_entries: 304
Fetching from https://rsshub.app/bilibili/weekly
append_entries: 0
Finish: 2024-04-24 00:51:27.314810
------------------------------------------------------
Started: 2024-04-24 02:21:10.660753
Existing_entries: 304
Fetching from https://rsshub.app/bilibili/weekly
append_entries: 0
Finish: 2024-04-24 02:21:10.745976
------------------------------------------------------
Started: 2024-04-24 04:13:50.798151
Existing_entries: 304
Fetching from https://rsshub.app/bilibili/weekly
append_entries: 0
Finish: 2024-04-24 04:13:50.899573
------------------------------------------------------
Started: 2024-04-24 06:17:31.995761
Existing_entries: 304
Fetching from https://rsshub.app/bilibili/weekly
append_entries: 0
Finish: 2024-04-24 06:17:32.188221
------------------------------------------------------
Started: 2024-04-24 08:15:21.609108
Existing_entries: 304
Fetching from https://rsshub.app/bilibili/weekly
append_entries: 0
Finish: 2024-04-24 08:15:21.683308
------------------------------------------------------
Started: 2024-04-24 10:13:36.235740
Existing_entries: 304
Fetching from https://rsshub.app/bilibili/weekly
append_entries: 0
Finish: 2024-04-24 10:13:36.317157
------------------------------------------------------
Started: 2024-04-24 12:24:37.204516
Existing_entries: 304
Fetching from https://rsshub.app/bilibili/weekly
append_entries: 0
Finish: 2024-04-24 12:24:37.284899
------------------------------------------------------
Started: 2024-04-24 14:12:00.163700
Existing_entries: 304
Fetching from https://rsshub.app/bilibili/weekly
append_entries: 0
Finish: 2024-04-24 14:12:00.373547
------------------------------------------------------
Started: 2024-04-24 16:13:56.234281
Existing_entries: 304
Fetching from https://rsshub.app/bilibili/weekly
append_entries: 0
Finish: 2024-04-24 16:13:56.341745
------------------------------------------------------
Started: 2024-04-24 18:14:11.763274
Existing_entries: 304
Fetching from https://rsshub.app/bilibili/weekly
append_entries: 0
Finish: 2024-04-24 18:14:11.878868
------------------------------------------------------
Started: 2024-04-24 20:12:15.362320
Existing_entries: 304
Fetching from https://rsshub.app/bilibili/weekly
append_entries: 0
Finish: 2024-04-24 20:12:15.536271
------------------------------------------------------
Started: 2024-04-24 22:11:56.235484
Existing_entries: 304
Fetching from https://rsshub.app/bilibili/weekly
append_entries: 0
Finish: 2024-04-24 22:11:56.320304
------------------------------------------------------
Started: 2024-04-25 00:54:31.004392
Existing_entries: 304
Fetching from https://rsshub.app/bilibili/weekly
append_entries: 0
Finish: 2024-04-25 00:54:31.086854
------------------------------------------------------
Started: 2024-04-25 02:22:55.885309
Existing_entries: 304
Fetching from https://rsshub.app/bilibili/weekly
append_entries: 0
Finish: 2024-04-25 02:22:55.956106
------------------------------------------------------
Started: 2024-04-25 04:13:48.385734
Existing_entries: 304
Fetching from https://rsshub.app/bilibili/weekly
append_entries: 0
Finish: 2024-04-25 04:13:48.730438
------------------------------------------------------
Started: 2024-04-25 06:16:05.706076
Existing_entries: 304
Fetching from https://rsshub.app/bilibili/weekly
append_entries: 0
Finish: 2024-04-25 06:16:05.789414
------------------------------------------------------
Started: 2024-04-25 08:16:09.431928
Existing_entries: 304
Fetching from https://rsshub.app/bilibili/weekly
append_entries: 0
Finish: 2024-04-25 08:16:09.510005
------------------------------------------------------
Started: 2024-04-25 10:11:37.948358
Existing_entries: 304
Fetching from https://rsshub.app/bilibili/weekly
append_entries: 0
Finish: 2024-04-25 10:11:38.029989
------------------------------------------------------
Started: 2024-04-25 12:18:02.455391
Existing_entries: 304
Fetching from https://rsshub.app/bilibili/weekly
append_entries: 0
Finish: 2024-04-25 12:18:02.533800
------------------------------------------------------
Started: 2024-04-25 14:08:55.246354
Existing_entries: 304
Fetching from https://rsshub.app/bilibili/weekly
append_entries: 0
Finish: 2024-04-25 14:08:55.332302
------------------------------------------------------
Started: 2024-04-25 16:14:26.744864
Existing_entries: 304
Fetching from https://rsshub.app/bilibili/weekly
append_entries: 0
Finish: 2024-04-25 16:14:26.952724
------------------------------------------------------
Started: 2024-04-25 18:14:21.463374
Existing_entries: 304
Fetching from https://rsshub.app/bilibili/weekly
append_entries: 0
Finish: 2024-04-25 18:14:21.545773
------------------------------------------------------
Started: 2024-04-25 20:11:41.468410
Existing_entries: 304
Fetching from https://rsshub.app/bilibili/weekly
append_entries: 0
Finish: 2024-04-25 20:11:41.635468
------------------------------------------------------
Started: 2024-04-25 22:10:13.808848
Existing_entries: 304
Fetching from https://rsshub.app/bilibili/weekly
append_entries: 0
Finish: 2024-04-25 22:10:13.897525
------------------------------------------------------
Started: 2024-04-26 00:52:09.204548
Existing_entries: 304
Fetching from https://rsshub.app/bilibili/weekly
append_entries: 0
Finish: 2024-04-26 00:52:09.276734
------------------------------------------------------
Started: 2024-04-26 02:21:34.316580
Existing_entries: 304
Fetching from https://rsshub.app/bilibili/weekly
append_entries: 0
Finish: 2024-04-26 02:21:34.403688
------------------------------------------------------
Started: 2024-04-26 04:13:07.045861
Existing_entries: 304
Fetching from https://rsshub.app/bilibili/weekly
append_entries: 0
Finish: 2024-04-26 04:13:07.233177
------------------------------------------------------
Started: 2024-04-26 06:16:59.222359
Existing_entries: 304
Fetching from https://rsshub.app/bilibili/weekly
append_entries: 0
Finish: 2024-04-26 06:16:59.398899
------------------------------------------------------
Started: 2024-04-26 08:14:46.696387
Existing_entries: 304
Fetching from https://rsshub.app/bilibili/weekly
append_entries: 0
Finish: 2024-04-26 08:14:46.793291
------------------------------------------------------
Started: 2024-04-26 10:12:46.886743
Existing_entries: 304
Fetching from https://rsshub.app/bilibili/weekly
append_entries: 0
Finish: 2024-04-26 10:12:46.959408
------------------------------------------------------
Started: 2024-04-26 12:20:42.234941
Existing_entries: 304
Fetching from https://rsshub.app/bilibili/weekly
Append: [我们在日全食拍到了它？](https://www.bilibili.com/video/BV1fz421z7x9)
Append: [偷子（4）](https://www.bilibili.com/video/BV1wz42167RQ)
Append: [【2024LPL春季赛】4月20日总决赛 BLG vs TES](https://www.bilibili.com/video/BV1bm411U79N)
Append: [顾家地位排序：王妈=顾总=何娜娜＞赵管家>许管家](https://www.bilibili.com/video/BV11F4m1P7Pg)
Append: [《原神》角色演示-「阿蕾奇诺：摇篮曲」](https://www.bilibili.com/video/BV1Nr42137s3)
Append: [我居然在新加坡街头捡到一本《坤假作业》？？？](https://www.bilibili.com/video/BV1Er421g7ZQ)
Append: [【猫meme】沙漠土壤化技术成长历程 （00后上班整活系列 EP-1）](https://www.bilibili.com/video/BV18i42127PK)
Append: [大白话教你选香水 no 浓 no 腻 no 刻意](https://www.bilibili.com/video/BV17i42127Ks)
Append: [非常为顾客着想的盖饭店](https://www.bilibili.com/video/BV11w4m117oT)
Append: [当 世 界 只 剩 一 个 00 后](https://www.bilibili.com/video/BV1GC41137fv)
Append: [男生通宵大作战！](https://www.bilibili.com/video/BV1xE421M74C)
Append: [《使命召唤》联动《我的世界》特殊组合包流出](https://www.bilibili.com/video/BV14J4m1J7oq)
Append: [《庄园领主》给中国玩家的特别来信！他中文竟然说的这么好！！？？](https://www.bilibili.com/video/BV14p421S7TQ)
Append: [史上最烂手机芯片！骁龙810到底有多差？](https://www.bilibili.com/video/BV1JZ421H7FC)
Append: [《老师大战烟卡》看我如何略施小计 化险为夷](https://www.bilibili.com/video/BV1v1421d746)
Append: [老师傅生意不好，换了个氛围灯吸引顾客](https://www.bilibili.com/video/BV1pm41127XM)
Append: [血的教训:角磨机装木工锯片](https://www.bilibili.com/video/BV1ox4y187cN)
Append: [小米三年就造出这么个SU7？](https://www.bilibili.com/video/BV1Dw4m127ej)
Append: [⚡听 泉 鉴 铜⚡](https://www.bilibili.com/video/BV1xi42117VN)
Append: [周深王者五五朋友节主题曲《奇迹时刻》 一起开始表演！](https://www.bilibili.com/video/BV1GH4y1P7eX)
Append: [Amani父子双吉他弹唱](https://www.bilibili.com/video/BV1YE421M7A4)
Append: [TheShy除“三害”](https://www.bilibili.com/video/BV1Np421Q7e8)
Append: [《物华弥新 | 蝠桃瓶手书》「第290个春天」](https://www.bilibili.com/video/BV1gw4m127BA)
Append: [【原神一条龙全收集】枫丹4.6(成就数151/水神瞳55/金属盒56)旧日之海+诺思托伊区/宝箱/乐章/遗落的魔导书/曲谱残页/水之印/探索度/原神4.6](https://www.bilibili.com/video/BV1qH4y1A74y)
Append: [我在80年代当剩女！](https://www.bilibili.com/video/BV1Rx4y1673f)
Append: [【巴别塔】BB-S-1突袭至BB-MO-1 摆完挂机 简单好抄](https://www.bilibili.com/video/BV16142197xS)
Append: [来广西合浦看看这的鲎有多少？](https://www.bilibili.com/video/BV1Nm411m7M7)
Append: [【宋雨琦】- 'FREAK' M/V](https://www.bilibili.com/video/BV11b421Y7Bo)
Append: [来校园做臂力棒挑战，没想到被湖大学生们的实力挑战到“破产”](https://www.bilibili.com/video/BV18m41127he)
Append: [老哥在轮椅上计划了10年，只想送妈妈去看一次海](https://www.bilibili.com/video/BV12C41137v8)
Append: [《 我 不 是 梗 神 》3-4月融梗](https://www.bilibili.com/video/BV1a1421d7jx)
Append: [你们谁体验过，钓个鱼都被监工！这压力有点大](https://www.bilibili.com/video/BV1Xm411m799)
Append: [韩国人为什么喜欢吃咸菜？最多的盘子装最少的咸菜](https://www.bilibili.com/video/BV1ET421179d)
Append: [【星穹铁道】砂金「这里没有反抗的人」](https://www.bilibili.com/video/BV16J4m1H7vs)
Append: [我邀请100位观众，共同设计了一条百褶裙](https://www.bilibili.com/video/BV1e1421976i)
Append: [幸运方块PVP！](https://www.bilibili.com/video/BV1zm411m7Sz)
Append: [【食录】人类吃辣的极限究竟在哪里？](https://www.bilibili.com/video/BV1Vt421P7hC)
Append: [上海F1赛车场，38000的VIP包厢票，到底吃什么？](https://www.bilibili.com/video/BV1Sp421D7Cy)
Append: [年轻人是真没法省钱，我妈是真狠](https://www.bilibili.com/video/BV1HZ421n7Lx)
Append: [［小狮日记］在床底下装了一台电视](https://www.bilibili.com/video/BV1wm411m7jh)
Append: [俄罗斯总统一日三餐吃什么？体验普京的饮食！什么味道？](https://www.bilibili.com/video/BV1VE421K7WB)
Append: [最喜欢的宫崎骏动漫，被我们复刻了！](https://www.bilibili.com/video/BV1jJ4m1W7Nm)
Append: [《大学生离谱的五一请假理由》年轻大学老师vs中年大学老师](https://www.bilibili.com/video/BV1Xt421w767)
Append: [【warma】为了你！我变成这副模样！](https://www.bilibili.com/video/BV1NC411G7Ad)
Append: [爱有万分之一甜，剩下万分之九千九百九十九不甜](https://www.bilibili.com/video/BV13Z421e7Sw)
Append: [当女朋友带闺蜜回家](https://www.bilibili.com/video/BV1vT4212723)
Append: [好像看到了古代人读书的样子...](https://www.bilibili.com/video/BV1CZ421n76Z)
Append: [重生之我在北海舰队开核潜艇](https://www.bilibili.com/video/BV1vE421L7H9)
append_entries: 48
Finish: 2024-04-26 12:20:42.329792
------------------------------------------------------
Started: 2024-04-26 14:10:45.203227
Existing_entries: 352
Fetching from https://rsshub.app/bilibili/weekly
append_entries: 0
Finish: 2024-04-26 14:10:45.323041
------------------------------------------------------
Started: 2024-04-26 16:14:53.379629
Existing_entries: 352
Fetching from https://rsshub.app/bilibili/weekly
append_entries: 0
Finish: 2024-04-26 16:14:53.744793
------------------------------------------------------
Started: 2024-04-26 18:13:55.381088
Existing_entries: 352
Fetching from https://rsshub.app/bilibili/weekly
append_entries: 0
Finish: 2024-04-26 18:13:55.470872
------------------------------------------------------
Started: 2024-04-26 20:12:29.889898
Existing_entries: 352
Fetching from https://rsshub.app/bilibili/weekly
append_entries: 0
Finish: 2024-04-26 20:12:29.982070
------------------------------------------------------
Started: 2024-04-26 22:11:57.001831
Existing_entries: 352
Fetching from https://rsshub.app/bilibili/weekly
append_entries: 0
Finish: 2024-04-26 22:11:57.094608
------------------------------------------------------
Started: 2024-04-27 00:51:28.391759
Existing_entries: 352
Fetching from https://rsshub.app/bilibili/weekly
append_entries: 0
Finish: 2024-04-27 00:51:28.490170
------------------------------------------------------
Started: 2024-04-27 02:20:46.662380
Existing_entries: 352
Fetching from https://rsshub.app/bilibili/weekly
append_entries: 0
Finish: 2024-04-27 02:20:46.768860
------------------------------------------------------
Started: 2024-04-27 04:13:13.597663
Existing_entries: 352
Fetching from https://rsshub.app/bilibili/weekly
append_entries: 0
Finish: 2024-04-27 04:13:13.685294
------------------------------------------------------
Started: 2024-04-27 06:15:28.051508
Existing_entries: 352
Fetching from https://rsshub.app/bilibili/weekly
append_entries: 0
Finish: 2024-04-27 06:15:28.142657
------------------------------------------------------
Started: 2024-04-27 08:14:09.570938
Existing_entries: 352
Fetching from https://rsshub.app/bilibili/weekly
append_entries: 0
Finish: 2024-04-27 08:14:09.666163
------------------------------------------------------
Started: 2024-04-27 10:12:35.199285
Existing_entries: 352
Fetching from https://rsshub.app/bilibili/weekly
append_entries: 0
Finish: 2024-04-27 10:12:35.285886
------------------------------------------------------
Started: 2024-04-27 12:19:13.405149
Existing_entries: 352
Fetching from https://rsshub.app/bilibili/weekly
append_entries: 0
Finish: 2024-04-27 12:19:13.493389
------------------------------------------------------
Started: 2024-04-27 14:09:08.201875
Existing_entries: 352
Fetching from https://rsshub.app/bilibili/weekly
append_entries: 0
Finish: 2024-04-27 14:09:08.310191
------------------------------------------------------
Started: 2024-04-27 16:12:40.970357
Existing_entries: 352
Fetching from https://rsshub.app/bilibili/weekly
append_entries: 0
Finish: 2024-04-27 16:12:41.070086
------------------------------------------------------
Started: 2024-04-27 18:13:15.590482
Existing_entries: 352
Fetching from https://rsshub.app/bilibili/weekly
append_entries: 0
Finish: 2024-04-27 18:13:15.688457
------------------------------------------------------
Started: 2024-04-27 20:10:55.212080
Existing_entries: 352
Fetching from https://rsshub.app/bilibili/weekly
append_entries: 0
Finish: 2024-04-27 20:10:55.315562
------------------------------------------------------
Started: 2024-04-27 22:10:54.941092
Existing_entries: 352
Fetching from https://rsshub.app/bilibili/weekly
append_entries: 0
Finish: 2024-04-27 22:10:56.048969
------------------------------------------------------
Started: 2024-04-28 00:55:54.532436
Existing_entries: 352
Fetching from https://rsshub.app/bilibili/weekly
append_entries: 0
Finish: 2024-04-28 00:55:54.630290
------------------------------------------------------
Started: 2024-04-28 02:25:46.234128
Existing_entries: 352
Fetching from https://rsshub.app/bilibili/weekly
append_entries: 0
Finish: 2024-04-28 02:25:46.376266
------------------------------------------------------
Started: 2024-04-28 04:13:11.401034
Existing_entries: 352
Fetching from https://rsshub.app/bilibili/weekly
append_entries: 0
Finish: 2024-04-28 04:13:11.506305
------------------------------------------------------
Started: 2024-04-28 06:15:20.860580
Existing_entries: 352
Fetching from https://rsshub.app/bilibili/weekly
append_entries: 0
Finish: 2024-04-28 06:15:20.947964
------------------------------------------------------
Started: 2024-04-28 08:16:22.802595
Existing_entries: 352
Fetching from https://rsshub.app/bilibili/weekly
append_entries: 0
Finish: 2024-04-28 08:16:23.029612
------------------------------------------------------
Started: 2024-04-28 10:12:19.539228
Existing_entries: 352
Fetching from https://rsshub.app/bilibili/weekly
append_entries: 0
Finish: 2024-04-28 10:12:19.625014
------------------------------------------------------
Started: 2024-04-28 12:21:04.233439
Existing_entries: 352
Fetching from https://rsshub.app/bilibili/weekly
append_entries: 0
Finish: 2024-04-28 12:21:04.323568
------------------------------------------------------
Started: 2024-04-28 14:09:41.096914
Existing_entries: 352
Fetching from https://rsshub.app/bilibili/weekly
append_entries: 0
Finish: 2024-04-28 14:09:41.188840
------------------------------------------------------
Started: 2024-04-28 16:12:45.351167
Existing_entries: 352
Fetching from https://rsshub.app/bilibili/weekly
append_entries: 0
Finish: 2024-04-28 16:12:45.441600
------------------------------------------------------
Started: 2024-04-28 18:13:37.033120
Existing_entries: 352
Fetching from https://rsshub.app/bilibili/weekly
append_entries: 0
Finish: 2024-04-28 18:13:37.150373
------------------------------------------------------
Started: 2024-04-28 20:12:20.903071
Existing_entries: 352
Fetching from https://rsshub.app/bilibili/weekly
append_entries: 0
Finish: 2024-04-28 20:12:21.010741
------------------------------------------------------
Started: 2024-04-28 22:10:28.317110
Existing_entries: 352
Fetching from https://rsshub.app/bilibili/weekly
append_entries: 0
Finish: 2024-04-28 22:10:28.419935
------------------------------------------------------
Started: 2024-04-29 00:52:59.829802
Existing_entries: 352
Fetching from https://rsshub.app/bilibili/weekly
append_entries: 0
Finish: 2024-04-29 00:53:00.000297
------------------------------------------------------
Started: 2024-04-29 02:22:58.265243
Existing_entries: 352
Fetching from https://rsshub.app/bilibili/weekly
append_entries: 0
Finish: 2024-04-29 02:22:58.378674
------------------------------------------------------
Started: 2024-04-29 04:14:11.680643
Existing_entries: 352
Fetching from https://rsshub.app/bilibili/weekly
append_entries: 0
Finish: 2024-04-29 04:14:11.765135
------------------------------------------------------
Started: 2024-04-29 06:15:50.268855
Existing_entries: 352
Fetching from https://rsshub.app/bilibili/weekly
append_entries: 0
Finish: 2024-04-29 06:15:50.365842
------------------------------------------------------
Started: 2024-04-29 08:16:52.271470
Existing_entries: 352
Fetching from https://rsshub.app/bilibili/weekly
append_entries: 0
Finish: 2024-04-29 08:16:52.379715
------------------------------------------------------
Started: 2024-04-29 10:13:06.538122
Existing_entries: 352
Fetching from https://rsshub.app/bilibili/weekly
append_entries: 0
Finish: 2024-04-29 10:13:06.651368
------------------------------------------------------
Started: 2024-04-29 12:21:24.772259
Existing_entries: 352
Fetching from https://rsshub.app/bilibili/weekly
append_entries: 0
Finish: 2024-04-29 12:21:24.876178
------------------------------------------------------
Started: 2024-04-29 14:11:57.286727
Existing_entries: 352
Fetching from https://rsshub.app/bilibili/weekly
append_entries: 0
Finish: 2024-04-29 14:11:57.376493
------------------------------------------------------
Started: 2024-04-29 16:14:08.264551
Existing_entries: 352
Fetching from https://rsshub.app/bilibili/weekly
append_entries: 0
Finish: 2024-04-29 16:14:08.379784
------------------------------------------------------
Started: 2024-04-29 18:14:29.497911
Existing_entries: 352
Fetching from https://rsshub.app/bilibili/weekly
append_entries: 0
Finish: 2024-04-29 18:14:29.617665
------------------------------------------------------
Started: 2024-04-29 20:11:54.755526
Existing_entries: 352
Fetching from https://rsshub.app/bilibili/weekly
append_entries: 0
Finish: 2024-04-29 20:11:54.860674
------------------------------------------------------
Started: 2024-04-29 22:10:53.299114
Existing_entries: 352
Fetching from https://rsshub.app/bilibili/weekly
append_entries: 0
Finish: 2024-04-29 22:10:53.395969
------------------------------------------------------
Started: 2024-04-30 00:51:59.186010
Existing_entries: 352
Fetching from https://rsshub.app/bilibili/weekly
append_entries: 0
Finish: 2024-04-30 00:51:59.285944
------------------------------------------------------
Started: 2024-04-30 02:20:55.371397
Existing_entries: 352
Fetching from https://rsshub.app/bilibili/weekly
append_entries: 0
Finish: 2024-04-30 02:20:55.479805
------------------------------------------------------
Started: 2024-04-30 04:15:04.764017
Existing_entries: 352
Fetching from https://rsshub.app/bilibili/weekly
append_entries: 0
Finish: 2024-04-30 04:15:04.864905
------------------------------------------------------
Started: 2024-04-30 06:15:58.095150
Existing_entries: 352
Fetching from https://rsshub.app/bilibili/weekly
append_entries: 0
Finish: 2024-04-30 06:15:58.205780
------------------------------------------------------
Started: 2024-04-30 08:15:24.920249
Existing_entries: 352
Fetching from https://rsshub.app/bilibili/weekly
append_entries: 0
Finish: 2024-04-30 08:15:25.009169
------------------------------------------------------
Started: 2024-04-30 10:12:58.522986
Existing_entries: 352
Fetching from https://rsshub.app/bilibili/weekly
append_entries: 0
Finish: 2024-04-30 10:12:58.614988
------------------------------------------------------
Started: 2024-04-30 12:20:18.291853
Existing_entries: 352
Fetching from https://rsshub.app/bilibili/weekly
append_entries: 0
Finish: 2024-04-30 12:20:18.384928
------------------------------------------------------
Started: 2024-04-30 14:11:48.861228
Existing_entries: 352
Fetching from https://rsshub.app/bilibili/weekly
append_entries: 0
Finish: 2024-04-30 14:11:48.973564
------------------------------------------------------
Started: 2024-04-30 16:15:09.147972
Existing_entries: 352
Fetching from https://rsshub.app/bilibili/weekly
append_entries: 0
Finish: 2024-04-30 16:15:09.260796
------------------------------------------------------
Started: 2024-04-30 18:16:31.019348
Existing_entries: 352
Fetching from https://rsshub.app/bilibili/weekly
append_entries: 0
Finish: 2024-04-30 18:16:31.121177
------------------------------------------------------
Started: 2024-04-30 20:11:39.558988
Existing_entries: 352
Fetching from https://rsshub.app/bilibili/weekly
append_entries: 0
Finish: 2024-04-30 20:11:39.661337
------------------------------------------------------
Started: 2024-04-30 22:11:25.030582
Existing_entries: 352
Fetching from https://rsshub.app/bilibili/weekly
append_entries: 0
Finish: 2024-04-30 22:11:25.144816
------------------------------------------------------
Started: 2024-05-01 00:56:03.039014
Existing_entries: 352
Fetching from https://rsshub.app/bilibili/weekly
append_entries: 0
Finish: 2024-05-01 00:56:03.242159
------------------------------------------------------
Started: 2024-05-01 02:26:32.916634
Existing_entries: 352
Fetching from https://rsshub.app/bilibili/weekly
append_entries: 0
Finish: 2024-05-01 02:26:33.034142
------------------------------------------------------
Started: 2024-05-01 04:13:51.013247
Existing_entries: 352
Fetching from https://rsshub.app/bilibili/weekly
append_entries: 0
Finish: 2024-05-01 04:13:51.106682
------------------------------------------------------
Started: 2024-05-01 06:16:31.382465
Existing_entries: 352
Fetching from https://rsshub.app/bilibili/weekly
append_entries: 0
Finish: 2024-05-01 06:16:31.472528
------------------------------------------------------
Started: 2024-05-01 08:17:23.211606
Existing_entries: 352
Fetching from https://rsshub.app/bilibili/weekly
append_entries: 0
Finish: 2024-05-01 08:17:23.321094
------------------------------------------------------
Started: 2024-05-01 10:13:34.459731
Existing_entries: 352
Fetching from https://rsshub.app/bilibili/weekly
append_entries: 0
Finish: 2024-05-01 10:13:34.655793
------------------------------------------------------
Started: 2024-05-01 12:21:27.833915
Existing_entries: 352
Fetching from https://rsshub.app/bilibili/weekly
append_entries: 0
Finish: 2024-05-01 12:21:27.924279
------------------------------------------------------
Started: 2024-05-01 14:13:23.190634
Existing_entries: 352
Fetching from https://rsshub.app/bilibili/weekly
append_entries: 0
Finish: 2024-05-01 14:13:23.316497
------------------------------------------------------
Started: 2024-05-01 16:14:30.076656
Existing_entries: 352
Fetching from https://rsshub.app/bilibili/weekly
append_entries: 0
Finish: 2024-05-01 16:14:30.191158
------------------------------------------------------
Started: 2024-05-01 18:14:54.796877
Existing_entries: 352
Fetching from https://rsshub.app/bilibili/weekly
append_entries: 0
Finish: 2024-05-01 18:14:54.922772
------------------------------------------------------
Started: 2024-05-01 20:13:36.454769
Existing_entries: 352
Fetching from https://rsshub.app/bilibili/weekly
append_entries: 0
Finish: 2024-05-01 20:13:36.563133
------------------------------------------------------
Started: 2024-05-01 22:11:11.446083
Existing_entries: 352
Fetching from https://rsshub.app/bilibili/weekly
append_entries: 0
Finish: 2024-05-01 22:11:11.542776
------------------------------------------------------
Started: 2024-05-02 00:51:55.060716
Existing_entries: 352
Fetching from https://rsshub.app/bilibili/weekly
append_entries: 0
Finish: 2024-05-02 00:51:55.157897
------------------------------------------------------
Started: 2024-05-02 02:21:40.073039
Existing_entries: 352
Fetching from https://rsshub.app/bilibili/weekly
append_entries: 0
Finish: 2024-05-02 02:21:40.160582
------------------------------------------------------
Started: 2024-05-02 04:13:40.976901
Existing_entries: 352
Fetching from https://rsshub.app/bilibili/weekly
append_entries: 0
Finish: 2024-05-02 04:13:41.065762
------------------------------------------------------
Started: 2024-05-02 06:15:23.013539
Existing_entries: 352
Fetching from https://rsshub.app/bilibili/weekly
append_entries: 0
Finish: 2024-05-02 06:15:23.108123
------------------------------------------------------
Started: 2024-05-02 08:15:00.338909
Existing_entries: 352
Fetching from https://rsshub.app/bilibili/weekly
append_entries: 0
Finish: 2024-05-02 08:15:00.428213
------------------------------------------------------
Started: 2024-05-02 10:14:01.303817
Existing_entries: 352
Fetching from https://rsshub.app/bilibili/weekly
append_entries: 0
Finish: 2024-05-02 10:14:01.418719
------------------------------------------------------
Started: 2024-05-02 12:21:28.683523
Existing_entries: 352
Fetching from https://rsshub.app/bilibili/weekly
append_entries: 0
Finish: 2024-05-02 12:21:28.890163
------------------------------------------------------
Started: 2024-05-02 14:10:52.045251
Existing_entries: 352
Fetching from https://rsshub.app/bilibili/weekly
append_entries: 0
Finish: 2024-05-02 14:10:52.152536
------------------------------------------------------
Started: 2024-05-02 16:13:56.985112
Existing_entries: 352
Fetching from https://rsshub.app/bilibili/weekly
append_entries: 0
Finish: 2024-05-02 16:13:57.094644
------------------------------------------------------
Started: 2024-05-02 18:15:37.522225
Existing_entries: 352
Fetching from https://rsshub.app/bilibili/weekly
append_entries: 0
Finish: 2024-05-02 18:15:37.632530
------------------------------------------------------
Started: 2024-05-02 20:12:53.139454
Existing_entries: 352
Fetching from https://rsshub.app/bilibili/weekly
append_entries: 0
Finish: 2024-05-02 20:12:53.233442
------------------------------------------------------
Started: 2024-05-02 22:11:26.826527
Existing_entries: 352
Fetching from https://rsshub.app/bilibili/weekly
append_entries: 0
Finish: 2024-05-02 22:11:26.922452
------------------------------------------------------
Started: 2024-05-03 00:55:04.669950
Existing_entries: 352
Fetching from https://rsshub.app/bilibili/weekly
append_entries: 0
Finish: 2024-05-03 00:55:04.864238
------------------------------------------------------
Started: 2024-05-03 02:24:24.859636
Existing_entries: 352
Fetching from https://rsshub.app/bilibili/weekly
append_entries: 0
Finish: 2024-05-03 02:24:24.952605
------------------------------------------------------
Started: 2024-05-03 04:15:08.373402
Existing_entries: 352
Fetching from https://rsshub.app/bilibili/weekly
append_entries: 0
Finish: 2024-05-03 04:15:08.459854
------------------------------------------------------
Started: 2024-05-03 06:15:18.386545
Existing_entries: 352
Fetching from https://rsshub.app/bilibili/weekly
append_entries: 0
Finish: 2024-05-03 06:15:18.480701
------------------------------------------------------
Started: 2024-05-03 08:14:19.495808
Existing_entries: 352
Fetching from https://rsshub.app/bilibili/weekly
append_entries: 0
Finish: 2024-05-03 08:14:19.597857
------------------------------------------------------
Started: 2024-05-03 10:13:24.712477
Existing_entries: 352
Fetching from https://rsshub.app/bilibili/weekly
append_entries: 0
Finish: 2024-05-03 10:13:24.797728
------------------------------------------------------
Started: 2024-05-03 12:19:47.340844
Existing_entries: 352
Fetching from https://rsshub.app/bilibili/weekly
append_entries: 0
Finish: 2024-05-03 12:19:47.431894
------------------------------------------------------
Started: 2024-05-03 14:11:39.982036
Existing_entries: 352
Fetching from https://rsshub.app/bilibili/weekly
Append: [【星穹铁道生日会】寰宇记书](https://www.bilibili.com/video/BV19D421J7dW)
Append: [别再说李白骗你们了！和有山爬庐山，暴雨中的瀑布【互联网脚替06】](https://www.bilibili.com/video/BV1gw4m1C7iK)
Append: [我收容了MC世界的所有珍稀生物！！！](https://www.bilibili.com/video/BV1SD421T7Sn)
Append: [这是一支你看过后能快速止痒的视频！](https://www.bilibili.com/video/BV17T4211789)
Append: [“大麻合法化”2年后，金三角现在什么样？【南洋大宝荐:泰国01】](https://www.bilibili.com/video/BV1fr421M7y7)
Append: [《崩坏：星穹铁道》演唱会动画CM：「演出开始前」](https://www.bilibili.com/video/BV1Dr421u7fQ)
Append: [SEVENTEEN 'MAESTRO' Official MV](https://www.bilibili.com/video/BV1Wr421u7iH)
Append: [【不止游戏】令人震撼的恢弘奇观——佩特拉古城](https://www.bilibili.com/video/BV1hf421S7tJ)
Append: [⚡俺是东京嘞 东京打工妹⚡](https://www.bilibili.com/video/BV1qm421s7MR)
Append: [【星穹铁道生日会】王之一桶](https://www.bilibili.com/video/BV1Dx4y1z7EF)
Append: [苦练画画多年，为的就是这一刻](https://www.bilibili.com/video/BV1RT421C7ZC)
Append: [《送给博士的一份惊喜》](https://www.bilibili.com/video/BV18J4m1n71Q)
Append: [当低情商朋友来到家里遇到低情商老妈](https://www.bilibili.com/video/BV1Rb421h7zb)
Append: [【Marcin】 当NBA仅雇用一名吉他手进行中场表演](https://www.bilibili.com/video/BV18C411H7Yn)
Append: [你好，我有一个《帽衫》超可爱鬼畜原创儿歌](https://www.bilibili.com/video/BV14C411n7xx)
Append: [现象级爆款！年度销冠王！全网狂赞的新《变形金刚》把我看嗨了](https://www.bilibili.com/video/BV1st421A7vj)
Append: [下集想看王妈和谁互换灵魂！](https://www.bilibili.com/video/BV1bf421S7mB)
Append: [「终末的赦祷颂-演绎版」：《原神》「光与影的诀别」MV](https://www.bilibili.com/video/BV1Lr42137pp)
Append: [【暗区突围版本PV】代理人：深渊迫近](https://www.bilibili.com/video/BV1os421N7g1)
Append: [深夜敲up主家的门！喊他们立刻出门旅游！结果居然……](https://www.bilibili.com/video/BV1nx4y1679f)
Append: [中国的方言有多美](https://www.bilibili.com/video/BV1im41117vg)
Append: [辣死啦~~~~~](https://www.bilibili.com/video/BV1yx4y1B7Jd)
Append: [女童穿暴露内衣当车模，孩子变成色情表情包，这些文化正在培养性侵犯！【儿童防性侵计划04】](https://www.bilibili.com/video/BV1Hr421g7H7)
Append: [100人公司转椅逃亡赛，胜者瓜分5万元！影视飓风破产团建4.0](https://www.bilibili.com/video/BV11i42117g7)
Append: [《 天 价 水 果 》第八期](https://www.bilibili.com/video/BV1ZE421L7rV)
Append: [【硬核科普】从零开始认识显卡](https://www.bilibili.com/video/BV1xE421j7Uv)
Append: [（告 诉 我 游 戏 的 真 谛 到 底 是 什 么 ）](https://www.bilibili.com/video/BV1WF4m1w7Tj)
Append: [传说中的秦王照骨镜原来真的存在！](https://www.bilibili.com/video/BV1vr421g7J9)
Append: [在“贫穷”的尼泊尔探访世界最危险的机场，沿途经历相当精彩](https://www.bilibili.com/video/BV17i421m7jm)
Append: [你的效果不是破坏我的尤贝尔？【水无月菌】](https://www.bilibili.com/video/BV1Tp421D7wQ)
Append: [学习航母阻拦索停车，这小车大梁受得了吗？](https://www.bilibili.com/video/BV1Yp421S7Lj)
Append: [华为Pura70能效分析：架构进步很大！](https://www.bilibili.com/video/BV1az421D7Fk)
Append: [《真正の海底捞》](https://www.bilibili.com/video/BV1ii42117SS)
Append: [透光率100%！我们打造了一把看不见的剑！](https://www.bilibili.com/video/BV1Yx4y1672M)
Append: [我上班时的精神状态](https://www.bilibili.com/video/BV1aZ421n7pQ)
Append: [在外国版《意林》里，我们个个都是中国超人？【毒舌的南瓜】](https://www.bilibili.com/video/BV1Yx4y1B7sX)
Append: [[第一人称] 在西安，你就能拥有时间魔法！](https://www.bilibili.com/video/BV1bE421j74h)
Append: [今天算是长见识了，扬州炒饭原来是这么做的](https://www.bilibili.com/video/BV15i421m7E6)
Append: [5个运镜转场，秒出大片就靠它！](https://www.bilibili.com/video/BV1wZ421J78r)
append_entries: 39
Finish: 2024-05-03 14:11:40.080162
------------------------------------------------------
Started: 2024-05-03 16:14:46.703938
Existing_entries: 391
Fetching from https://rsshub.app/bilibili/weekly
append_entries: 0
Finish: 2024-05-03 16:14:46.815887
------------------------------------------------------
Started: 2024-05-03 18:14:15.943840
Existing_entries: 391
Fetching from https://rsshub.app/bilibili/weekly
Append: [【猛男版】晚安大小姐，不睡觉的话...](https://www.bilibili.com/video/BV1Xp421S7zr)
Append: [《最浪漫的学科》](https://www.bilibili.com/video/BV11M4m1f7ss)
append_entries: 2
Finish: 2024-05-03 18:14:16.084781
------------------------------------------------------
Started: 2024-05-03 20:12:29.993342
Existing_entries: 393
Fetching from https://rsshub.app/bilibili/weekly
append_entries: 0
Finish: 2024-05-03 20:12:30.068503
------------------------------------------------------
Started: 2024-05-03 22:10:51.321286
Existing_entries: 393
Fetching from https://rsshub.app/bilibili/weekly
append_entries: 0
Finish: 2024-05-03 22:10:51.433878
------------------------------------------------------
Started: 2024-05-04 00:52:06.033616
Existing_entries: 393
Fetching from https://rsshub.app/bilibili/weekly
append_entries: 0
Finish: 2024-05-04 00:52:06.138426
------------------------------------------------------
Started: 2024-05-04 02:19:43.656908
Existing_entries: 393
Fetching from https://rsshub.app/bilibili/weekly
append_entries: 0
Finish: 2024-05-04 02:19:43.752576
------------------------------------------------------
Started: 2024-05-04 04:14:22.932873
Existing_entries: 393
Fetching from https://rsshub.app/bilibili/weekly
append_entries: 0
Finish: 2024-05-04 04:14:23.014588
------------------------------------------------------
Started: 2024-05-04 06:15:06.966474
Existing_entries: 393
Fetching from https://rsshub.app/bilibili/weekly
append_entries: 0
Finish: 2024-05-04 06:15:07.055223
------------------------------------------------------
Started: 2024-05-04 08:13:21.478390
Existing_entries: 393
Fetching from https://rsshub.app/bilibili/weekly
append_entries: 0
Finish: 2024-05-04 08:13:21.575365
------------------------------------------------------
Started: 2024-05-04 10:11:14.492348
Existing_entries: 393
Fetching from https://rsshub.app/bilibili/weekly
append_entries: 0
Finish: 2024-05-04 10:11:14.702950
------------------------------------------------------
Started: 2024-05-04 12:18:55.283726
Existing_entries: 393
Fetching from https://rsshub.app/bilibili/weekly
append_entries: 0
Finish: 2024-05-04 12:18:55.371581
------------------------------------------------------
Started: 2024-05-04 14:11:49.423931
Existing_entries: 393
Fetching from https://rsshub.app/bilibili/weekly
append_entries: 0
Finish: 2024-05-04 14:11:49.515909
------------------------------------------------------
Started: 2024-05-04 16:13:41.156918
Existing_entries: 393
Fetching from https://rsshub.app/bilibili/weekly
append_entries: 0
Finish: 2024-05-04 16:13:41.236095
------------------------------------------------------
Started: 2024-05-04 18:13:32.047191
Existing_entries: 393
Fetching from https://rsshub.app/bilibili/weekly
append_entries: 0
Finish: 2024-05-04 18:13:32.204777
------------------------------------------------------
Started: 2024-05-04 20:12:47.482380
Existing_entries: 393
Fetching from https://rsshub.app/bilibili/weekly
append_entries: 0
Finish: 2024-05-04 20:12:47.569639
------------------------------------------------------
Started: 2024-05-04 22:10:00.933570
Existing_entries: 393
Fetching from https://rsshub.app/bilibili/weekly
append_entries: 0
Finish: 2024-05-04 22:10:01.019887
------------------------------------------------------
Started: 2024-05-05 00:55:59.644839
Existing_entries: 393
Fetching from https://rsshub.app/bilibili/weekly
append_entries: 0
Finish: 2024-05-05 00:55:59.777855
------------------------------------------------------
Started: 2024-05-05 02:24:43.611376
Existing_entries: 393
Fetching from https://rsshub.app/bilibili/weekly
append_entries: 0
Finish: 2024-05-05 02:24:43.694296
------------------------------------------------------
Started: 2024-05-05 04:15:15.191608
Existing_entries: 393
Fetching from https://rsshub.app/bilibili/weekly
append_entries: 0
Finish: 2024-05-05 04:15:15.393000
------------------------------------------------------
Started: 2024-05-05 06:14:43.290178
Existing_entries: 393
Fetching from https://rsshub.app/bilibili/weekly
append_entries: 0
Finish: 2024-05-05 06:14:43.370776
------------------------------------------------------
Started: 2024-05-05 08:14:19.449900
Existing_entries: 393
Fetching from https://rsshub.app/bilibili/weekly
append_entries: 0
Finish: 2024-05-05 08:14:19.531686
------------------------------------------------------
Started: 2024-05-05 10:12:12.567145
Existing_entries: 393
Fetching from https://rsshub.app/bilibili/weekly
append_entries: 0
Finish: 2024-05-05 10:12:12.660981
------------------------------------------------------
Started: 2024-05-05 12:19:33.501392
Existing_entries: 393
Fetching from https://rsshub.app/bilibili/weekly
append_entries: 0
Finish: 2024-05-05 12:19:33.584171
------------------------------------------------------
Started: 2024-05-05 14:10:16.642789
Existing_entries: 393
Fetching from https://rsshub.app/bilibili/weekly
append_entries: 0
Finish: 2024-05-05 14:10:17.098737
------------------------------------------------------
Started: 2024-05-05 16:13:46.850398
Existing_entries: 393
Fetching from https://rsshub.app/bilibili/weekly
append_entries: 0
Finish: 2024-05-05 16:13:46.933209
------------------------------------------------------
Started: 2024-05-05 18:13:32.875784
Existing_entries: 393
Fetching from https://rsshub.app/bilibili/weekly
append_entries: 0
Finish: 2024-05-05 18:13:32.972896
------------------------------------------------------
Started: 2024-05-05 20:11:34.938649
Existing_entries: 393
Fetching from https://rsshub.app/bilibili/weekly
append_entries: 0
Finish: 2024-05-05 20:11:35.041707
------------------------------------------------------
Started: 2024-05-05 22:12:01.781115
Existing_entries: 393
Fetching from https://rsshub.app/bilibili/weekly
append_entries: 0
Finish: 2024-05-05 22:12:01.923624
------------------------------------------------------
Started: 2024-05-06 00:53:48.343365
Existing_entries: 393
Fetching from https://rsshub.app/bilibili/weekly
append_entries: 0
Finish: 2024-05-06 00:53:48.455666
------------------------------------------------------
Started: 2024-05-06 02:26:26.469850
Existing_entries: 393
Fetching from https://rsshub.app/bilibili/weekly
append_entries: 0
Finish: 2024-05-06 02:26:26.565264
------------------------------------------------------
Started: 2024-05-06 04:14:28.287753
Existing_entries: 393
Fetching from https://rsshub.app/bilibili/weekly
append_entries: 0
Finish: 2024-05-06 04:14:28.376068
------------------------------------------------------
Started: 2024-05-06 06:16:41.380987
Existing_entries: 393
Fetching from https://rsshub.app/bilibili/weekly
append_entries: 0
Finish: 2024-05-06 06:16:41.477789
------------------------------------------------------
Started: 2024-05-06 08:15:04.930278
Existing_entries: 393
Fetching from https://rsshub.app/bilibili/weekly
append_entries: 0
Finish: 2024-05-06 08:15:05.018631
------------------------------------------------------
Started: 2024-05-06 10:13:25.868570
Existing_entries: 393
Fetching from https://rsshub.app/bilibili/weekly
append_entries: 0
Finish: 2024-05-06 10:13:25.962459
------------------------------------------------------
Started: 2024-05-06 12:22:42.106377
Existing_entries: 393
Fetching from https://rsshub.app/bilibili/weekly
append_entries: 0
Finish: 2024-05-06 12:22:42.257505
------------------------------------------------------
Started: 2024-05-06 14:11:45.683286
Existing_entries: 393
Fetching from https://rsshub.app/bilibili/weekly
append_entries: 0
Finish: 2024-05-06 14:11:45.781640
------------------------------------------------------
Started: 2024-05-06 16:14:50.665302
Existing_entries: 393
Fetching from https://rsshub.app/bilibili/weekly
append_entries: 0
Finish: 2024-05-06 16:14:50.762894
------------------------------------------------------
Started: 2024-05-06 18:17:07.236803
Existing_entries: 393
Fetching from https://rsshub.app/bilibili/weekly
append_entries: 0
Finish: 2024-05-06 18:17:07.376385
------------------------------------------------------
Started: 2024-05-06 20:11:40.081395
Existing_entries: 393
Fetching from https://rsshub.app/bilibili/weekly
append_entries: 0
Finish: 2024-05-06 20:11:40.209301
------------------------------------------------------
Started: 2024-05-06 22:11:36.874707
Existing_entries: 393
Fetching from https://rsshub.app/bilibili/weekly
append_entries: 0
Finish: 2024-05-06 22:11:36.962538
------------------------------------------------------
Started: 2024-05-07 00:52:47.312819
Existing_entries: 393
Fetching from https://rsshub.app/bilibili/weekly
append_entries: 0
Finish: 2024-05-07 00:52:47.416842
------------------------------------------------------
Started: 2024-05-07 02:29:29.194196
Existing_entries: 393
Fetching from https://rsshub.app/bilibili/weekly
append_entries: 0
Finish: 2024-05-07 02:29:29.281833
------------------------------------------------------
Started: 2024-05-07 04:15:16.807421
Existing_entries: 393
Fetching from https://rsshub.app/bilibili/weekly
append_entries: 0
Finish: 2024-05-07 04:15:16.887934
------------------------------------------------------
Started: 2024-05-07 06:16:31.824969
Existing_entries: 393
Fetching from https://rsshub.app/bilibili/weekly
append_entries: 0
Finish: 2024-05-07 06:16:31.904372
------------------------------------------------------
Started: 2024-05-07 08:15:20.598957
Existing_entries: 393
Fetching from https://rsshub.app/bilibili/weekly
append_entries: 0
Finish: 2024-05-07 08:15:20.784877
------------------------------------------------------
Started: 2024-05-07 10:13:42.028471
Existing_entries: 393
Fetching from https://rsshub.app/bilibili/weekly
append_entries: 0
Finish: 2024-05-07 10:13:42.118616
------------------------------------------------------
Started: 2024-05-07 12:20:35.263893
Existing_entries: 393
Fetching from https://rsshub.app/bilibili/weekly
Feed error: 403
append_entries: 0
error when rendering xml, skip docs/Bilibili每周必看
------------------------------------------------------
Started: 2024-05-07 14:11:02.363590
Existing_entries: 393
Fetching from https://rsshub.app/bilibili/weekly
Feed error: 403
append_entries: 0
error when rendering xml, skip docs/Bilibili每周必看
------------------------------------------------------
Started: 2024-05-07 16:13:24.333333
Existing_entries: 393
Fetching from https://rsshub.app/bilibili/weekly
Feed error: 403
append_entries: 0
error when rendering xml, skip docs/Bilibili每周必看
------------------------------------------------------
Started: 2024-05-07 18:14:52.352837
Existing_entries: 393
Fetching from https://rsshub.app/bilibili/weekly
Feed error: 403
append_entries: 0
error when rendering xml, skip docs/Bilibili每周必看
------------------------------------------------------
Started: 2024-05-07 20:10:04.377366
Existing_entries: 393
Fetching from https://rsshub.app/bilibili/weekly
Feed error: 403
append_entries: 0
error when rendering xml, skip docs/Bilibili每周必看
------------------------------------------------------
Started: 2024-05-07 22:11:31.527830
Existing_entries: 393
Fetching from https://rsshub.app/bilibili/weekly
Feed error: 403
append_entries: 0
error when rendering xml, skip docs/Bilibili每周必看
------------------------------------------------------
Started: 2024-05-08 00:42:20.687118
Existing_entries: 393
Fetching from https://rsshub.app/bilibili/weekly
Feed error: 403
append_entries: 0
error when rendering xml, skip docs/Bilibili每周必看
------------------------------------------------------
Started: 2024-05-08 02:12:36.424185
Existing_entries: 393
Fetching from https://rsshub.app/bilibili/weekly
Feed error: 403
append_entries: 0
error when rendering xml, skip docs/Bilibili每周必看
------------------------------------------------------
Started: 2024-05-08 04:12:02.085114
Existing_entries: 393
Fetching from https://rsshub.app/bilibili/weekly
Feed error: 403
append_entries: 0
error when rendering xml, skip docs/Bilibili每周必看
------------------------------------------------------
Started: 2024-05-08 06:13:46.476160
Existing_entries: 393
Fetching from https://rsshub.app/bilibili/weekly
Feed error: 403
append_entries: 0
error when rendering xml, skip docs/Bilibili每周必看
------------------------------------------------------
Started: 2024-05-08 08:13:08.537775
Existing_entries: 393
Fetching from https://rsshub.app/bilibili/weekly
Feed error: 403
append_entries: 0
error when rendering xml, skip docs/Bilibili每周必看
------------------------------------------------------
Started: 2024-05-08 10:12:59.813744
Existing_entries: 393
Fetching from https://rsshub.app/bilibili/weekly
Feed error: 403
append_entries: 0
error when rendering xml, skip docs/Bilibili每周必看
------------------------------------------------------
Started: 2024-05-08 12:21:33.466265
Existing_entries: 393
Fetching from https://rsshub.app/bilibili/weekly
Feed error: 403
append_entries: 0
error when rendering xml, skip docs/Bilibili每周必看
------------------------------------------------------
Started: 2024-05-08 14:10:31.208453
Existing_entries: 393
Fetching from https://rsshub.app/bilibili/weekly
Feed error: 403
append_entries: 0
error when rendering xml, skip docs/Bilibili每周必看
------------------------------------------------------
Started: 2024-05-08 16:14:52.947275
Existing_entries: 393
Fetching from https://rsshub.app/bilibili/weekly
Feed error: 403
append_entries: 0
error when rendering xml, skip docs/Bilibili每周必看
------------------------------------------------------
Started: 2024-05-08 18:15:15.034690
Existing_entries: 393
Fetching from https://rsshub.app/bilibili/weekly
Feed error: 403
append_entries: 0
error when rendering xml, skip docs/Bilibili每周必看
------------------------------------------------------
Started: 2024-05-08 20:11:48.301279
Existing_entries: 393
Fetching from https://rsshub.app/bilibili/weekly
Feed error: 403
append_entries: 0
error when rendering xml, skip docs/Bilibili每周必看
------------------------------------------------------
Started: 2024-05-08 22:10:18.765973
Existing_entries: 393
Fetching from https://rsshub.app/bilibili/weekly
Feed error: 403
append_entries: 0
error when rendering xml, skip docs/Bilibili每周必看
------------------------------------------------------
Started: 2024-05-09 00:52:13.757733
Existing_entries: 393
Fetching from https://rsshub.app/bilibili/weekly
Feed error: 403
append_entries: 0
error when rendering xml, skip docs/Bilibili每周必看
------------------------------------------------------
Started: 2024-05-09 02:26:27.134120
Existing_entries: 393
Fetching from https://rsshub.app/bilibili/weekly
Feed error: 403
append_entries: 0
error when rendering xml, skip docs/Bilibili每周必看
------------------------------------------------------
Started: 2024-05-09 04:16:36.943863
Existing_entries: 393
Fetching from https://rsshub.app/bilibili/weekly
Feed error: 403
append_entries: 0
error when rendering xml, skip docs/Bilibili每周必看
------------------------------------------------------
Started: 2024-05-09 06:15:29.818548
Existing_entries: 393
Fetching from https://rsshub.app/bilibili/weekly
Feed error: 403
append_entries: 0
error when rendering xml, skip docs/Bilibili每周必看
------------------------------------------------------
Started: 2024-05-09 08:15:05.051314
Existing_entries: 393
Fetching from https://rsshub.app/bilibili/weekly
Feed error: 403
append_entries: 0
error when rendering xml, skip docs/Bilibili每周必看
------------------------------------------------------
Started: 2024-05-09 10:13:45.061054
Existing_entries: 393
Fetching from https://rsshub.app/bilibili/weekly
Feed error: 403
append_entries: 0
error when rendering xml, skip docs/Bilibili每周必看
------------------------------------------------------
Started: 2024-05-09 12:20:29.349867
Existing_entries: 393
Fetching from https://rsshub.app/bilibili/weekly
Feed error: 403
append_entries: 0
error when rendering xml, skip docs/Bilibili每周必看
------------------------------------------------------
Started: 2024-05-09 14:11:41.351083
Existing_entries: 393
Fetching from https://rsshub.app/bilibili/weekly
Feed error: 403
append_entries: 0
error when rendering xml, skip docs/Bilibili每周必看
------------------------------------------------------
Started: 2024-05-09 16:14:56.664938
Existing_entries: 393
Fetching from https://rsshub.app/bilibili/weekly
Feed error: 403
append_entries: 0
error when rendering xml, skip docs/Bilibili每周必看
------------------------------------------------------
Started: 2024-05-09 18:14:03.199677
Existing_entries: 393
Fetching from https://rsshub.app/bilibili/weekly
Feed error: 403
append_entries: 0
error when rendering xml, skip docs/Bilibili每周必看
------------------------------------------------------
Started: 2024-05-09 20:11:35.774599
Existing_entries: 393
Fetching from https://rsshub.app/bilibili/weekly
Feed error: 403
append_entries: 0
error when rendering xml, skip docs/Bilibili每周必看
------------------------------------------------------
Started: 2024-05-09 22:10:54.656079
Existing_entries: 393
Fetching from https://rsshub.app/bilibili/weekly
Feed error: 403
append_entries: 0
error when rendering xml, skip docs/Bilibili每周必看
------------------------------------------------------
Started: 2024-05-10 00:52:11.897004
Existing_entries: 393
Fetching from https://rsshub.app/bilibili/weekly
Feed error: 403
append_entries: 0
error when rendering xml, skip docs/Bilibili每周必看
------------------------------------------------------
Started: 2024-05-10 02:28:04.787674
Existing_entries: 393
Fetching from https://rsshub.app/bilibili/weekly
Feed error: 403
append_entries: 0
error when rendering xml, skip docs/Bilibili每周必看
------------------------------------------------------
Started: 2024-05-10 04:13:41.175514
Existing_entries: 393
Fetching from https://rsshub.app/bilibili/weekly
Feed error: 403
append_entries: 0
error when rendering xml, skip docs/Bilibili每周必看
------------------------------------------------------
Started: 2024-05-10 06:15:02.779023
Existing_entries: 393
Fetching from https://rsshub.app/bilibili/weekly
Feed error: 403
append_entries: 0
error when rendering xml, skip docs/Bilibili每周必看
------------------------------------------------------
Started: 2024-05-10 08:14:42.348774
Existing_entries: 393
Fetching from https://rsshub.app/bilibili/weekly
Feed error: 403
append_entries: 0
error when rendering xml, skip docs/Bilibili每周必看
------------------------------------------------------
Started: 2024-05-10 10:13:03.233946
Existing_entries: 393
Fetching from https://rsshub.app/bilibili/weekly
Feed error: 403
append_entries: 0
error when rendering xml, skip docs/Bilibili每周必看
------------------------------------------------------
Started: 2024-05-10 12:20:20.381567
Existing_entries: 393
Fetching from https://rsshub.app/bilibili/weekly
Feed error: 403
append_entries: 0
error when rendering xml, skip docs/Bilibili每周必看
------------------------------------------------------
Started: 2024-05-10 14:10:31.586762
Existing_entries: 393
Fetching from https://rsshub.app/bilibili/weekly
Feed error: 403
append_entries: 0
error when rendering xml, skip docs/Bilibili每周必看
------------------------------------------------------
Started: 2024-05-10 16:14:38.577065
Existing_entries: 393
Fetching from https://rsshub.app/bilibili/weekly
Feed error: 403
append_entries: 0
error when rendering xml, skip docs/Bilibili每周必看
------------------------------------------------------
Started: 2024-05-10 18:14:50.216434
Existing_entries: 393
Fetching from https://rsshub.app/bilibili/weekly
Feed error: 403
append_entries: 0
error when rendering xml, skip docs/Bilibili每周必看
------------------------------------------------------
Started: 2024-05-10 20:11:40.948862
Existing_entries: 393
Fetching from https://rsshub.app/bilibili/weekly
Feed error: 403
append_entries: 0
error when rendering xml, skip docs/Bilibili每周必看
------------------------------------------------------
Started: 2024-05-10 22:11:59.802225
Existing_entries: 393
Fetching from https://rsshub.app/bilibili/weekly
Feed error: 403
append_entries: 0
error when rendering xml, skip docs/Bilibili每周必看
------------------------------------------------------
Started: 2024-05-11 00:51:38.065060
Existing_entries: 393
Fetching from https://rsshub.app/bilibili/weekly
Feed error: 403
append_entries: 0
error when rendering xml, skip docs/Bilibili每周必看
------------------------------------------------------
Started: 2024-05-11 02:21:16.381661
Existing_entries: 393
Fetching from https://rsshub.app/bilibili/weekly
Feed error: 403
append_entries: 0
error when rendering xml, skip docs/Bilibili每周必看
------------------------------------------------------
Started: 2024-05-11 04:14:13.069093
Existing_entries: 393
Fetching from https://rsshub.app/bilibili/weekly
Feed error: 403
append_entries: 0
error when rendering xml, skip docs/Bilibili每周必看
------------------------------------------------------
Started: 2024-05-11 06:13:59.745021
Existing_entries: 393
Fetching from https://rsshub.app/bilibili/weekly
Feed error: 403
append_entries: 0
error when rendering xml, skip docs/Bilibili每周必看
------------------------------------------------------
Started: 2024-05-11 08:13:52.475827
Existing_entries: 393
Fetching from https://rsshub.app/bilibili/weekly
Feed error: 403
append_entries: 0
error when rendering xml, skip docs/Bilibili每周必看
------------------------------------------------------
Started: 2024-05-11 10:12:06.114607
Existing_entries: 393
Fetching from https://rsshub.app/bilibili/weekly
Feed error: 403
append_entries: 0
error when rendering xml, skip docs/Bilibili每周必看
------------------------------------------------------
Started: 2024-05-11 12:19:29.162196
Existing_entries: 393
Fetching from https://rsshub.app/bilibili/weekly
Feed error: 403
append_entries: 0
error when rendering xml, skip docs/Bilibili每周必看
------------------------------------------------------
Started: 2024-05-11 14:09:29.277914
Existing_entries: 393
Fetching from https://rsshub.app/bilibili/weekly
Feed error: 403
append_entries: 0
error when rendering xml, skip docs/Bilibili每周必看
------------------------------------------------------
Started: 2024-05-11 16:13:27.088165
Existing_entries: 393
Fetching from https://rsshub.app/bilibili/weekly
Feed error: 403
append_entries: 0
error when rendering xml, skip docs/Bilibili每周必看
------------------------------------------------------
Started: 2024-05-11 18:14:13.025735
Existing_entries: 393
Fetching from https://rsshub.app/bilibili/weekly
Feed error: 403
append_entries: 0
error when rendering xml, skip docs/Bilibili每周必看
------------------------------------------------------
Started: 2024-05-11 20:12:13.665852
Existing_entries: 393
Fetching from https://rsshub.app/bilibili/weekly
Feed error: 403
append_entries: 0
error when rendering xml, skip docs/Bilibili每周必看
------------------------------------------------------
Started: 2024-05-11 22:09:50.357955
Existing_entries: 393
Fetching from https://rsshub.app/bilibili/weekly
Feed error: 403
append_entries: 0
error when rendering xml, skip docs/Bilibili每周必看
------------------------------------------------------
Started: 2024-05-12 00:56:33.417136
Existing_entries: 393
Fetching from https://rsshub.app/bilibili/weekly
Feed error: 403
append_entries: 0
error when rendering xml, skip docs/Bilibili每周必看
------------------------------------------------------
Started: 2024-05-12 02:26:02.050080
Existing_entries: 393
Fetching from https://rsshub.app/bilibili/weekly
Feed error: 403
append_entries: 0
error when rendering xml, skip docs/Bilibili每周必看
------------------------------------------------------
Started: 2024-05-12 04:14:27.345347
Existing_entries: 393
Fetching from https://rsshub.app/bilibili/weekly
Feed error: 403
append_entries: 0
error when rendering xml, skip docs/Bilibili每周必看
------------------------------------------------------
Started: 2024-05-12 06:15:16.665042
Existing_entries: 393
Fetching from https://rsshub.app/bilibili/weekly
Feed error: 403
append_entries: 0
error when rendering xml, skip docs/Bilibili每周必看
------------------------------------------------------
Started: 2024-05-12 08:14:14.050932
Existing_entries: 393
Fetching from https://rsshub.app/bilibili/weekly
Feed error: 403
append_entries: 0
error when rendering xml, skip docs/Bilibili每周必看
------------------------------------------------------
Started: 2024-05-12 10:10:53.992588
Existing_entries: 393
Fetching from https://rsshub.app/bilibili/weekly
Feed error: 403
append_entries: 0
error when rendering xml, skip docs/Bilibili每周必看
------------------------------------------------------
Started: 2024-05-12 12:21:10.941759
Existing_entries: 393
Fetching from https://rsshub.app/bilibili/weekly
Feed error: 403
append_entries: 0
error when rendering xml, skip docs/Bilibili每周必看
------------------------------------------------------
Started: 2024-05-12 14:10:29.609532
Existing_entries: 393
Fetching from https://rsshub.app/bilibili/weekly
Feed error: 403
append_entries: 0
error when rendering xml, skip docs/Bilibili每周必看
------------------------------------------------------
Started: 2024-05-12 16:13:26.291455
Existing_entries: 393
Fetching from https://rsshub.app/bilibili/weekly
Feed error: 403
append_entries: 0
error when rendering xml, skip docs/Bilibili每周必看
------------------------------------------------------
Started: 2024-05-12 18:15:29.397744
Existing_entries: 393
Fetching from https://rsshub.app/bilibili/weekly
Feed error: 403
append_entries: 0
error when rendering xml, skip docs/Bilibili每周必看
------------------------------------------------------
Started: 2024-05-12 20:11:22.203137
Existing_entries: 393
Fetching from https://rsshub.app/bilibili/weekly
Feed error: 403
append_entries: 0
error when rendering xml, skip docs/Bilibili每周必看
------------------------------------------------------
Started: 2024-05-12 22:09:59.115779
Existing_entries: 393
Fetching from https://rsshub.app/bilibili/weekly
Feed error: 403
append_entries: 0
error when rendering xml, skip docs/Bilibili每周必看
------------------------------------------------------
Started: 2024-05-13 00:53:53.846477
Existing_entries: 393
Fetching from https://rsshub.app/bilibili/weekly
Feed error: 403
append_entries: 0
error when rendering xml, skip docs/Bilibili每周必看
------------------------------------------------------
Started: 2024-05-13 04:15:01.565620
Existing_entries: 393
Fetching from https://rsshub.app/bilibili/weekly
Feed error: 403
append_entries: 0
error when rendering xml, skip docs/Bilibili每周必看
------------------------------------------------------
Started: 2024-05-13 06:15:59.624852
Existing_entries: 393
Fetching from https://rsshub.app/bilibili/weekly
Feed error: 403
append_entries: 0
error when rendering xml, skip docs/Bilibili每周必看
------------------------------------------------------
Started: 2024-05-13 08:15:54.856479
Existing_entries: 393
Fetching from https://rsshub.app/bilibili/weekly
Feed error: 403
append_entries: 0
error when rendering xml, skip docs/Bilibili每周必看
------------------------------------------------------
Started: 2024-05-13 10:12:39.158643
Existing_entries: 393
Fetching from https://rsshub.app/bilibili/weekly
Feed error: 403
append_entries: 0
error when rendering xml, skip docs/Bilibili每周必看
------------------------------------------------------
Started: 2024-05-13 12:21:52.214676
Existing_entries: 393
Fetching from https://rsshub.app/bilibili/weekly
Feed error: 403
append_entries: 0
error when rendering xml, skip docs/Bilibili每周必看
------------------------------------------------------
Started: 2024-05-13 14:11:05.492915
Existing_entries: 393
Fetching from https://rsshub.app/bilibili/weekly
Feed error: 403
append_entries: 0
error when rendering xml, skip docs/Bilibili每周必看
------------------------------------------------------
Started: 2024-05-13 16:16:22.527408
Existing_entries: 393
Fetching from https://rsshub.app/bilibili/weekly
Feed error: 403
append_entries: 0
error when rendering xml, skip docs/Bilibili每周必看
------------------------------------------------------
Started: 2024-05-13 18:13:41.199936
Existing_entries: 393
Fetching from https://rsshub.app/bilibili/weekly
Feed error: 403
append_entries: 0
error when rendering xml, skip docs/Bilibili每周必看
------------------------------------------------------
Started: 2024-05-13 20:11:39.726526
Existing_entries: 393
Fetching from https://rsshub.app/bilibili/weekly
Feed error: 403
append_entries: 0
error when rendering xml, skip docs/Bilibili每周必看
------------------------------------------------------
Started: 2024-05-13 22:11:50.509915
Existing_entries: 393
Fetching from https://rsshub.app/bilibili/weekly
Feed error: 403
append_entries: 0
error when rendering xml, skip docs/Bilibili每周必看
------------------------------------------------------
Started: 2024-05-14 00:53:01.472196
Existing_entries: 393
Fetching from https://rsshub.app/bilibili/weekly
Feed error: 403
append_entries: 0
error when rendering xml, skip docs/Bilibili每周必看
------------------------------------------------------
Started: 2024-05-14 02:23:51.539468
Existing_entries: 393
Fetching from https://rsshub.app/bilibili/weekly
Feed error: 403
append_entries: 0
error when rendering xml, skip docs/Bilibili每周必看
------------------------------------------------------
Started: 2024-05-14 04:13:31.275899
Existing_entries: 393
Fetching from https://rsshub.app/bilibili/weekly
Feed error: 403
append_entries: 0
error when rendering xml, skip docs/Bilibili每周必看
------------------------------------------------------
Started: 2024-05-14 06:16:50.846575
Existing_entries: 393
Fetching from https://rsshub.app/bilibili/weekly
Feed error: 403
append_entries: 0
error when rendering xml, skip docs/Bilibili每周必看
------------------------------------------------------
Started: 2024-05-14 08:16:19.187695
Existing_entries: 393
Fetching from https://rsshub.app/bilibili/weekly
Feed error: 403
append_entries: 0
error when rendering xml, skip docs/Bilibili每周必看
------------------------------------------------------
Started: 2024-05-14 10:14:18.015691
Existing_entries: 393
Fetching from https://rsshub.app/bilibili/weekly
Feed error: 403
append_entries: 0
error when rendering xml, skip docs/Bilibili每周必看
------------------------------------------------------
Started: 2024-05-14 12:22:05.668249
Existing_entries: 393
Fetching from https://rsshub.app/bilibili/weekly
Feed error: 403
append_entries: 0
error when rendering xml, skip docs/Bilibili每周必看
------------------------------------------------------
Started: 2024-05-14 14:11:04.066939
Existing_entries: 393
Fetching from https://rsshub.app/bilibili/weekly
Feed error: 403
append_entries: 0
error when rendering xml, skip docs/Bilibili每周必看
------------------------------------------------------
Started: 2024-05-14 16:15:35.258508
Existing_entries: 393
Fetching from https://rsshub.app/bilibili/weekly
Feed error: 403
append_entries: 0
error when rendering xml, skip docs/Bilibili每周必看
------------------------------------------------------
Started: 2024-05-14 18:14:40.798821
Existing_entries: 393
Fetching from https://rsshub.app/bilibili/weekly
Feed error: 403
append_entries: 0
error when rendering xml, skip docs/Bilibili每周必看
------------------------------------------------------
Started: 2024-05-14 20:13:29.012896
Existing_entries: 393
Fetching from https://rsshub.app/bilibili/weekly
Feed error: 403
append_entries: 0
error when rendering xml, skip docs/Bilibili每周必看
------------------------------------------------------
Started: 2024-05-14 22:11:47.628190
Existing_entries: 393
Fetching from https://rsshub.app/bilibili/weekly
Feed error: 403
append_entries: 0
error when rendering xml, skip docs/Bilibili每周必看
------------------------------------------------------
Started: 2024-05-15 00:52:47.755530
Existing_entries: 393
Fetching from https://rsshub.app/bilibili/weekly
Feed error: 403
append_entries: 0
error when rendering xml, skip docs/Bilibili每周必看
------------------------------------------------------
Started: 2024-05-15 02:28:09.695258
Existing_entries: 393
Fetching from https://rsshub.app/bilibili/weekly
Feed error: 403
append_entries: 0
error when rendering xml, skip docs/Bilibili每周必看
------------------------------------------------------
Started: 2024-05-15 04:15:05.067573
Existing_entries: 393
Fetching from https://rsshub.app/bilibili/weekly
Feed error: 403
append_entries: 0
error when rendering xml, skip docs/Bilibili每周必看
------------------------------------------------------
Started: 2024-05-15 06:15:42.677413
Existing_entries: 393
Fetching from https://rsshub.app/bilibili/weekly
Feed error: 403
append_entries: 0
error when rendering xml, skip docs/Bilibili每周必看
------------------------------------------------------
Started: 2024-05-15 08:14:59.021885
Existing_entries: 393
Fetching from https://rsshub.app/bilibili/weekly
Feed error: 403
append_entries: 0
error when rendering xml, skip docs/Bilibili每周必看
------------------------------------------------------
Started: 2024-05-15 10:12:44.906458
Existing_entries: 393
Fetching from https://rsshub.app/bilibili/weekly
Feed error: 403
append_entries: 0
error when rendering xml, skip docs/Bilibili每周必看
------------------------------------------------------
Started: 2024-05-15 12:23:03.134252
Existing_entries: 393
Fetching from https://rsshub.app/bilibili/weekly
Feed error: 403
append_entries: 0
error when rendering xml, skip docs/Bilibili每周必看
------------------------------------------------------
Started: 2024-05-15 14:12:23.853437
Existing_entries: 393
Fetching from https://rsshub.app/bilibili/weekly
Feed error: 403
append_entries: 0
error when rendering xml, skip docs/Bilibili每周必看
------------------------------------------------------
Started: 2024-05-15 16:14:31.481707
Existing_entries: 393
Fetching from https://rsshub.app/bilibili/weekly
Feed error: 403
append_entries: 0
error when rendering xml, skip docs/Bilibili每周必看
------------------------------------------------------
Started: 2024-05-15 18:14:54.248822
Existing_entries: 393
Fetching from https://rsshub.app/bilibili/weekly
Feed error: 403
append_entries: 0
error when rendering xml, skip docs/Bilibili每周必看
------------------------------------------------------
Started: 2024-05-15 20:13:21.622791
Existing_entries: 393
Fetching from https://rsshub.app/bilibili/weekly
Feed error: 403
append_entries: 0
error when rendering xml, skip docs/Bilibili每周必看
------------------------------------------------------
Started: 2024-05-15 22:12:29.850124
Existing_entries: 393
Fetching from https://rsshub.app/bilibili/weekly
Feed error: 403
append_entries: 0
error when rendering xml, skip docs/Bilibili每周必看
------------------------------------------------------
Started: 2024-05-16 00:53:09.499332
Existing_entries: 393
Fetching from https://rsshub.app/bilibili/weekly
Feed error: 403
append_entries: 0
error when rendering xml, skip docs/Bilibili每周必看
------------------------------------------------------
Started: 2024-05-16 02:24:55.840522
Existing_entries: 393
Fetching from https://rsshub.app/bilibili/weekly
Feed error: 403
append_entries: 0
error when rendering xml, skip docs/Bilibili每周必看
------------------------------------------------------
Started: 2024-05-16 04:12:12.064133
Existing_entries: 393
Fetching from https://rsshub.app/bilibili/weekly
Feed error: 403
append_entries: 0
error when rendering xml, skip docs/Bilibili每周必看
------------------------------------------------------
Started: 2024-05-16 06:13:28.149506
Existing_entries: 393
Fetching from https://rsshub.app/bilibili/weekly
Feed error: 403
append_entries: 0
error when rendering xml, skip docs/Bilibili每周必看
------------------------------------------------------
Started: 2024-05-16 08:12:10.666332
Existing_entries: 393
Fetching from https://rsshub.app/bilibili/weekly
Feed error: 403
append_entries: 0
error when rendering xml, skip docs/Bilibili每周必看
------------------------------------------------------
Started: 2024-05-16 10:12:13.933549
Existing_entries: 393
Fetching from https://rsshub.app/bilibili/weekly
Feed error: 403
append_entries: 0
error when rendering xml, skip docs/Bilibili每周必看
------------------------------------------------------
Started: 2024-05-16 12:21:50.795281
Existing_entries: 393
Fetching from https://rsshub.app/bilibili/weekly
Feed error: 403
append_entries: 0
error when rendering xml, skip docs/Bilibili每周必看
------------------------------------------------------
Started: 2024-05-16 14:12:10.031983
Existing_entries: 393
Fetching from https://rsshub.app/bilibili/weekly
Feed error: 403
append_entries: 0
error when rendering xml, skip docs/Bilibili每周必看
------------------------------------------------------
Started: 2024-05-16 16:13:48.445475
Existing_entries: 393
Fetching from https://rsshub.app/bilibili/weekly
Feed error: 403
append_entries: 0
error when rendering xml, skip docs/Bilibili每周必看
------------------------------------------------------
Started: 2024-05-16 18:14:33.443656
Existing_entries: 393
Fetching from https://rsshub.app/bilibili/weekly
Feed error: 403
append_entries: 0
error when rendering xml, skip docs/Bilibili每周必看
------------------------------------------------------
Started: 2024-05-16 20:11:53.075719
Existing_entries: 393
Fetching from https://rsshub.app/bilibili/weekly
Feed error: 403
append_entries: 0
error when rendering xml, skip docs/Bilibili每周必看
------------------------------------------------------
Started: 2024-05-16 22:11:27.815128
Existing_entries: 393
Fetching from https://rsshub.app/bilibili/weekly
Feed error: 403
append_entries: 0
error when rendering xml, skip docs/Bilibili每周必看
------------------------------------------------------
Started: 2024-05-17 00:52:54.455156
Existing_entries: 393
Fetching from https://rsshub.app/bilibili/weekly
Feed error: 403
append_entries: 0
error when rendering xml, skip docs/Bilibili每周必看
------------------------------------------------------
Started: 2024-05-17 02:24:31.784690
Existing_entries: 393
Fetching from https://rsshub.app/bilibili/weekly
Feed error: 403
append_entries: 0
error when rendering xml, skip docs/Bilibili每周必看
------------------------------------------------------
Started: 2024-05-17 04:14:08.159494
Existing_entries: 393
Fetching from https://rsshub.app/bilibili/weekly
Feed error: 403
append_entries: 0
error when rendering xml, skip docs/Bilibili每周必看
------------------------------------------------------
Started: 2024-05-17 06:15:58.808623
Existing_entries: 393
Fetching from https://rsshub.app/bilibili/weekly
Feed error: 403
append_entries: 0
error when rendering xml, skip docs/Bilibili每周必看
------------------------------------------------------
Started: 2024-05-17 08:14:50.894934
Existing_entries: 393
Fetching from https://rsshub.app/bilibili/weekly
Feed error: 403
append_entries: 0
error when rendering xml, skip docs/Bilibili每周必看
------------------------------------------------------
Started: 2024-05-17 10:12:28.891885
Existing_entries: 393
Fetching from https://rsshub.app/bilibili/weekly
Feed error: 403
append_entries: 0
error when rendering xml, skip docs/Bilibili每周必看
------------------------------------------------------
Started: 2024-05-17 12:20:32.825742
Existing_entries: 393
Fetching from https://rsshub.app/bilibili/weekly
Feed error: 403
append_entries: 0
error when rendering xml, skip docs/Bilibili每周必看
------------------------------------------------------
Started: 2024-05-17 14:11:50.713971
Existing_entries: 393
Fetching from https://rsshub.app/bilibili/weekly
Feed error: 403
append_entries: 0
error when rendering xml, skip docs/Bilibili每周必看
------------------------------------------------------
Started: 2024-05-17 16:13:49.114758
Existing_entries: 393
Fetching from https://rsshub.app/bilibili/weekly
Feed error: 403
append_entries: 0
error when rendering xml, skip docs/Bilibili每周必看
------------------------------------------------------
Started: 2024-05-17 18:15:38.995579
Existing_entries: 393
Fetching from https://rsshub.app/bilibili/weekly
Feed error: 403
append_entries: 0
error when rendering xml, skip docs/Bilibili每周必看
------------------------------------------------------
Started: 2024-05-17 20:12:59.621266
Existing_entries: 393
Fetching from https://rsshub.app/bilibili/weekly
Feed error: 403
append_entries: 0
error when rendering xml, skip docs/Bilibili每周必看
------------------------------------------------------
Started: 2024-05-17 22:11:28.065607
Existing_entries: 393
Fetching from https://rsshub.app/bilibili/weekly
Feed error: 403
append_entries: 0
error when rendering xml, skip docs/Bilibili每周必看
------------------------------------------------------
Started: 2024-05-18 00:52:17.288554
Existing_entries: 393
Fetching from https://rsshub.app/bilibili/weekly
Feed error: 403
append_entries: 0
error when rendering xml, skip docs/Bilibili每周必看
------------------------------------------------------
Started: 2024-05-18 02:24:27.182942
Existing_entries: 393
Fetching from https://rsshub.app/bilibili/weekly
Feed error: 403
append_entries: 0
error when rendering xml, skip docs/Bilibili每周必看
------------------------------------------------------
Started: 2024-05-18 04:13:26.763098
Existing_entries: 393
Fetching from https://rsshub.app/bilibili/weekly
Feed error: 403
append_entries: 0
error when rendering xml, skip docs/Bilibili每周必看
------------------------------------------------------
Started: 2024-05-18 06:14:35.304651
Existing_entries: 393
Fetching from https://rsshub.app/bilibili/weekly
Feed error: 403
append_entries: 0
error when rendering xml, skip docs/Bilibili每周必看
------------------------------------------------------
Started: 2024-05-18 08:13:23.916307
Existing_entries: 393
Fetching from https://rsshub.app/bilibili/weekly
Feed error: 403
append_entries: 0
error when rendering xml, skip docs/Bilibili每周必看
------------------------------------------------------
Started: 2024-05-18 10:11:14.815467
Existing_entries: 393
Fetching from https://rsshub.app/bilibili/weekly
Feed error: 403
append_entries: 0
error when rendering xml, skip docs/Bilibili每周必看
------------------------------------------------------
Started: 2024-05-18 12:19:46.045999
Existing_entries: 393
Fetching from https://rsshub.app/bilibili/weekly
Feed error: 403
append_entries: 0
error when rendering xml, skip docs/Bilibili每周必看
------------------------------------------------------
Started: 2024-05-18 14:10:23.146777
Existing_entries: 393
Fetching from https://rsshub.app/bilibili/weekly
Feed error: 403
append_entries: 0
error when rendering xml, skip docs/Bilibili每周必看
------------------------------------------------------
Started: 2024-05-18 16:13:34.747422
Existing_entries: 393
Fetching from https://rsshub.app/bilibili/weekly
Feed error: 403
append_entries: 0
error when rendering xml, skip docs/Bilibili每周必看
------------------------------------------------------
Started: 2024-05-18 18:14:40.722298
Existing_entries: 393
Fetching from https://rsshub.app/bilibili/weekly
Feed error: 403
append_entries: 0
error when rendering xml, skip docs/Bilibili每周必看
------------------------------------------------------
Started: 2024-05-18 20:12:23.648447
Existing_entries: 393
Fetching from https://rsshub.app/bilibili/weekly
Feed error: 403
append_entries: 0
error when rendering xml, skip docs/Bilibili每周必看
------------------------------------------------------
Started: 2024-05-18 22:10:05.451164
Existing_entries: 393
Fetching from https://rsshub.app/bilibili/weekly
Feed error: 403
append_entries: 0
error when rendering xml, skip docs/Bilibili每周必看
------------------------------------------------------
Started: 2024-05-19 00:56:47.486466
Existing_entries: 393
Fetching from https://rsshub.app/bilibili/weekly
Feed error: 403
append_entries: 0
error when rendering xml, skip docs/Bilibili每周必看
------------------------------------------------------
Started: 2024-05-19 02:26:52.607940
Existing_entries: 393
Fetching from https://rsshub.app/bilibili/weekly
Feed error: 403
append_entries: 0
error when rendering xml, skip docs/Bilibili每周必看
------------------------------------------------------
Started: 2024-05-19 04:14:29.540345
Existing_entries: 393
Fetching from https://rsshub.app/bilibili/weekly
Feed error: 403
append_entries: 0
error when rendering xml, skip docs/Bilibili每周必看
------------------------------------------------------
Started: 2024-05-19 06:14:38.214591
Existing_entries: 393
Fetching from https://rsshub.app/bilibili/weekly
Feed error: 403
append_entries: 0
error when rendering xml, skip docs/Bilibili每周必看
------------------------------------------------------
Started: 2024-05-19 08:13:38.774029
Existing_entries: 393
Fetching from https://rsshub.app/bilibili/weekly
Feed error: 403
append_entries: 0
error when rendering xml, skip docs/Bilibili每周必看
------------------------------------------------------
Started: 2024-05-19 10:11:18.872200
Existing_entries: 393
Fetching from https://rsshub.app/bilibili/weekly
Feed error: 403
append_entries: 0
error when rendering xml, skip docs/Bilibili每周必看
------------------------------------------------------
Started: 2024-05-19 12:20:11.834067
Existing_entries: 393
Fetching from https://rsshub.app/bilibili/weekly
Feed error: 403
append_entries: 0
error when rendering xml, skip docs/Bilibili每周必看
------------------------------------------------------
Started: 2024-05-19 14:10:46.134037
Existing_entries: 393
Fetching from https://rsshub.app/bilibili/weekly
Feed error: 403
append_entries: 0
error when rendering xml, skip docs/Bilibili每周必看
------------------------------------------------------
Started: 2024-05-19 16:13:58.948252
Existing_entries: 393
Fetching from https://rsshub.app/bilibili/weekly
Feed error: 403
append_entries: 0
error when rendering xml, skip docs/Bilibili每周必看
------------------------------------------------------
Started: 2024-05-19 18:14:19.159179
Existing_entries: 393
Fetching from https://rsshub.app/bilibili/weekly
Feed error: 403
append_entries: 0
error when rendering xml, skip docs/Bilibili每周必看
------------------------------------------------------
Started: 2024-05-19 20:12:25.772979
Existing_entries: 393
Fetching from https://rsshub.app/bilibili/weekly
Feed error: 403
append_entries: 0
error when rendering xml, skip docs/Bilibili每周必看
------------------------------------------------------
Started: 2024-05-19 22:13:11.570109
Existing_entries: 393
Fetching from https://rsshub.app/bilibili/weekly
Feed error: 403
append_entries: 0
error when rendering xml, skip docs/Bilibili每周必看
------------------------------------------------------
Started: 2024-05-20 00:53:44.129610
Existing_entries: 393
Fetching from https://rsshub.app/bilibili/weekly
Feed error: 403
append_entries: 0
error when rendering xml, skip docs/Bilibili每周必看
------------------------------------------------------
Started: 2024-05-20 02:27:51.041321
Existing_entries: 393
Fetching from https://rsshub.app/bilibili/weekly
Feed error: 403
append_entries: 0
error when rendering xml, skip docs/Bilibili每周必看
------------------------------------------------------
Started: 2024-05-20 04:15:02.568393
Existing_entries: 393
Fetching from https://rsshub.app/bilibili/weekly
Feed error: 403
append_entries: 0
error when rendering xml, skip docs/Bilibili每周必看
------------------------------------------------------
Started: 2024-05-20 06:16:18.129871
Existing_entries: 393
Fetching from https://rsshub.app/bilibili/weekly
Feed error: 403
append_entries: 0
error when rendering xml, skip docs/Bilibili每周必看
------------------------------------------------------
Started: 2024-05-20 08:15:24.610207
Existing_entries: 393
Fetching from https://rsshub.app/bilibili/weekly
Feed error: 403
append_entries: 0
error when rendering xml, skip docs/Bilibili每周必看
------------------------------------------------------
Started: 2024-05-20 10:12:49.879788
Existing_entries: 393
Fetching from https://rsshub.app/bilibili/weekly
Feed error: 403
append_entries: 0
error when rendering xml, skip docs/Bilibili每周必看
------------------------------------------------------
Started: 2024-05-20 12:23:59.566522
Existing_entries: 393
Fetching from https://rsshub.app/bilibili/weekly
Feed error: 403
append_entries: 0
error when rendering xml, skip docs/Bilibili每周必看
------------------------------------------------------
Started: 2024-05-20 14:11:14.412588
Existing_entries: 393
Fetching from https://rsshub.app/bilibili/weekly
Feed error: 403
append_entries: 0
error when rendering xml, skip docs/Bilibili每周必看
------------------------------------------------------
Started: 2024-05-20 16:15:08.420273
Existing_entries: 393
Fetching from https://rsshub.app/bilibili/weekly
Feed error: 403
append_entries: 0
error when rendering xml, skip docs/Bilibili每周必看
------------------------------------------------------
Started: 2024-05-20 18:14:55.968657
Existing_entries: 393
Fetching from https://rsshub.app/bilibili/weekly
Feed error: 403
append_entries: 0
error when rendering xml, skip docs/Bilibili每周必看
------------------------------------------------------
Started: 2024-05-20 20:12:09.890956
Existing_entries: 393
Fetching from https://rsshub.app/bilibili/weekly
Feed error: 403
append_entries: 0
error when rendering xml, skip docs/Bilibili每周必看
------------------------------------------------------
Started: 2024-05-20 22:10:47.039568
Existing_entries: 393
Fetching from https://rsshub.app/bilibili/weekly
Feed error: 403
append_entries: 0
error when rendering xml, skip docs/Bilibili每周必看
------------------------------------------------------
Started: 2024-05-21 00:53:13.992903
Existing_entries: 393
Fetching from https://rsshub.app/bilibili/weekly
Feed error: 403
append_entries: 0
error when rendering xml, skip docs/Bilibili每周必看
------------------------------------------------------
Started: 2024-05-21 02:25:21.899386
Existing_entries: 393
Fetching from https://rsshub.app/bilibili/weekly
Feed error: 403
append_entries: 0
error when rendering xml, skip docs/Bilibili每周必看
------------------------------------------------------
Started: 2024-05-21 04:13:45.001642
Existing_entries: 393
Fetching from https://rsshub.app/bilibili/weekly
Feed error: 403
append_entries: 0
error when rendering xml, skip docs/Bilibili每周必看
------------------------------------------------------
Started: 2024-05-21 06:16:32.132829
Existing_entries: 393
Fetching from https://rsshub.app/bilibili/weekly
Feed error: 403
append_entries: 0
error when rendering xml, skip docs/Bilibili每周必看
------------------------------------------------------
Started: 2024-05-21 08:14:51.615473
Existing_entries: 393
Fetching from https://rsshub.app/bilibili/weekly
Feed error: 403
append_entries: 0
error when rendering xml, skip docs/Bilibili每周必看
------------------------------------------------------
Started: 2024-05-21 10:12:31.380254
Existing_entries: 393
Fetching from https://rsshub.app/bilibili/weekly
Feed error: 403
append_entries: 0
error when rendering xml, skip docs/Bilibili每周必看
------------------------------------------------------
Started: 2024-05-21 12:21:19.617243
Existing_entries: 393
Fetching from https://rsshub.app/bilibili/weekly
Feed error: 403
append_entries: 0
error when rendering xml, skip docs/Bilibili每周必看
------------------------------------------------------
Started: 2024-05-21 14:10:55.833346
Existing_entries: 393
Fetching from https://rsshub.app/bilibili/weekly
Feed error: 403
append_entries: 0
error when rendering xml, skip docs/Bilibili每周必看
------------------------------------------------------
Started: 2024-05-21 16:14:18.975204
Existing_entries: 393
Fetching from https://rsshub.app/bilibili/weekly
Feed error: 403
append_entries: 0
error when rendering xml, skip docs/Bilibili每周必看
------------------------------------------------------
Started: 2024-05-21 18:14:48.844174
Existing_entries: 393
Fetching from https://rsshub.app/bilibili/weekly
Feed error: 403
append_entries: 0
error when rendering xml, skip docs/Bilibili每周必看
------------------------------------------------------
Started: 2024-05-21 20:13:17.505958
Existing_entries: 393
Fetching from https://rsshub.app/bilibili/weekly
Feed error: 403
append_entries: 0
error when rendering xml, skip docs/Bilibili每周必看
------------------------------------------------------
Started: 2024-05-21 22:10:53.541345
Existing_entries: 393
Fetching from https://rsshub.app/bilibili/weekly
Feed error: 403
append_entries: 0
error when rendering xml, skip docs/Bilibili每周必看
------------------------------------------------------
Started: 2024-05-22 00:53:31.836192
Existing_entries: 393
Fetching from https://rsshub.app/bilibili/weekly
Feed error: 403
append_entries: 0
error when rendering xml, skip docs/Bilibili每周必看
------------------------------------------------------
Started: 2024-05-22 02:26:02.939843
Existing_entries: 393
Fetching from https://rsshub.app/bilibili/weekly
Feed error: 403
append_entries: 0
error when rendering xml, skip docs/Bilibili每周必看
------------------------------------------------------
Started: 2024-05-22 04:13:51.345635
Existing_entries: 393
Fetching from https://rsshub.app/bilibili/weekly
Feed error: 403
append_entries: 0
error when rendering xml, skip docs/Bilibili每周必看
------------------------------------------------------
Started: 2024-05-22 06:16:18.233543
Existing_entries: 393
Fetching from https://rsshub.app/bilibili/weekly
Feed error: 403
append_entries: 0
error when rendering xml, skip docs/Bilibili每周必看
------------------------------------------------------
Started: 2024-05-22 08:15:53.784938
Existing_entries: 393
Fetching from https://rsshub.app/bilibili/weekly
Feed error: 403
append_entries: 0
error when rendering xml, skip docs/Bilibili每周必看
------------------------------------------------------
Started: 2024-05-22 10:12:37.478537
Existing_entries: 393
Fetching from https://rsshub.app/bilibili/weekly
Feed error: 403
append_entries: 0
error when rendering xml, skip docs/Bilibili每周必看
------------------------------------------------------
Started: 2024-05-22 12:21:59.612203
Existing_entries: 393
Fetching from https://rsshub.app/bilibili/weekly
Feed error: 403
append_entries: 0
error when rendering xml, skip docs/Bilibili每周必看
------------------------------------------------------
Started: 2024-05-22 14:11:10.487895
Existing_entries: 393
Fetching from https://rsshub.app/bilibili/weekly
Feed error: 403
append_entries: 0
error when rendering xml, skip docs/Bilibili每周必看
------------------------------------------------------
Started: 2024-05-22 16:16:11.560142
Existing_entries: 393
Fetching from https://rsshub.app/bilibili/weekly
Feed error: 403
append_entries: 0
error when rendering xml, skip docs/Bilibili每周必看
------------------------------------------------------
Started: 2024-05-22 18:15:26.580982
Existing_entries: 393
Fetching from https://rsshub.app/bilibili/weekly
Feed error: 403
append_entries: 0
error when rendering xml, skip docs/Bilibili每周必看
------------------------------------------------------
Started: 2024-05-22 20:12:31.560494
Existing_entries: 393
Fetching from https://rsshub.app/bilibili/weekly
Feed error: 403
append_entries: 0
error when rendering xml, skip docs/Bilibili每周必看
------------------------------------------------------
Started: 2024-05-22 22:10:53.015466
Existing_entries: 393
Fetching from https://rsshub.app/bilibili/weekly
Feed error: 403
append_entries: 0
error when rendering xml, skip docs/Bilibili每周必看
------------------------------------------------------
Started: 2024-05-23 00:52:59.815283
Existing_entries: 393
Fetching from https://rsshub.app/bilibili/weekly
Feed error: 403
append_entries: 0
error when rendering xml, skip docs/Bilibili每周必看
------------------------------------------------------
Started: 2024-05-23 02:25:53.823791
Existing_entries: 393
Fetching from https://rsshub.app/bilibili/weekly
Feed error: 403
append_entries: 0
error when rendering xml, skip docs/Bilibili每周必看
------------------------------------------------------
Started: 2024-05-23 04:13:50.161183
Existing_entries: 393
Fetching from https://rsshub.app/bilibili/weekly
Feed error: 403
append_entries: 0
error when rendering xml, skip docs/Bilibili每周必看
------------------------------------------------------
Started: 2024-05-23 06:16:49.607563
Existing_entries: 393
Fetching from https://rsshub.app/bilibili/weekly
Feed error: 403
append_entries: 0
error when rendering xml, skip docs/Bilibili每周必看
------------------------------------------------------
Started: 2024-05-23 08:14:52.849496
Existing_entries: 393
Fetching from https://rsshub.app/bilibili/weekly
Feed error: 403
append_entries: 0
error when rendering xml, skip docs/Bilibili每周必看
------------------------------------------------------
Started: 2024-05-23 10:13:35.509753
Existing_entries: 393
Fetching from https://rsshub.app/bilibili/weekly
Feed error: 403
append_entries: 0
error when rendering xml, skip docs/Bilibili每周必看
------------------------------------------------------
Started: 2024-05-23 12:21:16.381806
Existing_entries: 393
Fetching from https://rsshub.app/bilibili/weekly
Feed error: 403
append_entries: 0
error when rendering xml, skip docs/Bilibili每周必看
------------------------------------------------------
Started: 2024-05-23 14:11:04.447835
Existing_entries: 393
Fetching from https://rsshub.app/bilibili/weekly
Feed error: 403
append_entries: 0
error when rendering xml, skip docs/Bilibili每周必看
------------------------------------------------------
Started: 2024-05-23 16:15:08.268531
Existing_entries: 393
Fetching from https://rsshub.app/bilibili/weekly
Feed error: 403
append_entries: 0
error when rendering xml, skip docs/Bilibili每周必看
------------------------------------------------------
Started: 2024-05-23 18:15:02.240702
Existing_entries: 393
Fetching from https://rsshub.app/bilibili/weekly
Feed error: 403
append_entries: 0
error when rendering xml, skip docs/Bilibili每周必看
------------------------------------------------------
Started: 2024-05-23 20:12:56.543588
Existing_entries: 393
Fetching from https://rsshub.app/bilibili/weekly
Feed error: 403
append_entries: 0
error when rendering xml, skip docs/Bilibili每周必看
------------------------------------------------------
Started: 2024-05-23 22:11:03.160708
Existing_entries: 393
Fetching from https://rsshub.app/bilibili/weekly
Feed error: 403
append_entries: 0
error when rendering xml, skip docs/Bilibili每周必看
------------------------------------------------------
Started: 2024-05-24 00:53:24.096957
Existing_entries: 393
Fetching from https://rsshub.app/bilibili/weekly
Feed error: 403
append_entries: 0
error when rendering xml, skip docs/Bilibili每周必看
------------------------------------------------------
Started: 2024-05-24 02:26:13.954514
Existing_entries: 393
Fetching from https://rsshub.app/bilibili/weekly
Feed error: 403
append_entries: 0
error when rendering xml, skip docs/Bilibili每周必看
------------------------------------------------------
Started: 2024-05-24 04:15:13.412015
Existing_entries: 393
Fetching from https://rsshub.app/bilibili/weekly
Feed error: 403
append_entries: 0
error when rendering xml, skip docs/Bilibili每周必看
------------------------------------------------------
Started: 2024-05-24 06:16:30.820479
Existing_entries: 393
Fetching from https://rsshub.app/bilibili/weekly
Feed error: 403
append_entries: 0
error when rendering xml, skip docs/Bilibili每周必看
------------------------------------------------------
Started: 2024-05-24 08:15:01.810576
Existing_entries: 393
Fetching from https://rsshub.app/bilibili/weekly
Feed error: 403
append_entries: 0
error when rendering xml, skip docs/Bilibili每周必看
------------------------------------------------------
Started: 2024-05-24 10:12:35.947440
Existing_entries: 393
Fetching from https://rsshub.app/bilibili/weekly
Feed error: 403
append_entries: 0
error when rendering xml, skip docs/Bilibili每周必看
------------------------------------------------------
Started: 2024-05-24 12:21:12.628351
Existing_entries: 393
Fetching from https://rsshub.app/bilibili/weekly
Feed error: 403
append_entries: 0
error when rendering xml, skip docs/Bilibili每周必看
------------------------------------------------------
Started: 2024-05-24 14:11:51.202870
Existing_entries: 393
Fetching from https://rsshub.app/bilibili/weekly
Feed error: 403
append_entries: 0
error when rendering xml, skip docs/Bilibili每周必看
------------------------------------------------------
Started: 2024-05-24 16:13:33.536802
Existing_entries: 393
Fetching from https://rsshub.app/bilibili/weekly
Feed error: 403
append_entries: 0
error when rendering xml, skip docs/Bilibili每周必看
------------------------------------------------------
Started: 2024-05-24 18:15:31.031620
Existing_entries: 393
Fetching from https://rsshub.app/bilibili/weekly
Feed error: 403
append_entries: 0
error when rendering xml, skip docs/Bilibili每周必看
------------------------------------------------------
Started: 2024-05-24 20:12:41.741965
Existing_entries: 393
Fetching from https://rsshub.app/bilibili/weekly
Feed error: 403
append_entries: 0
error when rendering xml, skip docs/Bilibili每周必看
------------------------------------------------------
Started: 2024-05-24 22:11:35.375864
Existing_entries: 393
Fetching from https://rsshub.app/bilibili/weekly
Feed error: 403
append_entries: 0
error when rendering xml, skip docs/Bilibili每周必看
------------------------------------------------------
Started: 2024-05-25 00:52:16.513806
Existing_entries: 393
Fetching from https://rsshub.app/bilibili/weekly
Feed error: 403
append_entries: 0
error when rendering xml, skip docs/Bilibili每周必看
------------------------------------------------------
Started: 2024-05-25 02:24:03.728557
Existing_entries: 393
Fetching from https://rsshub.app/bilibili/weekly
Feed error: 403
append_entries: 0
error when rendering xml, skip docs/Bilibili每周必看
------------------------------------------------------
Started: 2024-05-25 04:13:28.721050
Existing_entries: 393
Fetching from https://rsshub.app/bilibili/weekly
Feed error: 403
append_entries: 0
error when rendering xml, skip docs/Bilibili每周必看
------------------------------------------------------
Started: 2024-05-25 06:15:55.484155
Existing_entries: 393
Fetching from https://rsshub.app/bilibili/weekly
Feed error: 403
append_entries: 0
error when rendering xml, skip docs/Bilibili每周必看
------------------------------------------------------
Started: 2024-05-25 08:15:00.627367
Existing_entries: 393
Fetching from https://rsshub.app/bilibili/weekly
Feed error: 403
append_entries: 0
error when rendering xml, skip docs/Bilibili每周必看
------------------------------------------------------
Started: 2024-05-25 10:12:13.627958
Existing_entries: 393
Fetching from https://rsshub.app/bilibili/weekly
Feed error: 403
append_entries: 0
error when rendering xml, skip docs/Bilibili每周必看
------------------------------------------------------
Started: 2024-05-25 12:20:36.760268
Existing_entries: 393
Fetching from https://rsshub.app/bilibili/weekly
Feed error: 403
append_entries: 0
error when rendering xml, skip docs/Bilibili每周必看
------------------------------------------------------
Started: 2024-05-25 14:10:13.020458
Existing_entries: 393
Fetching from https://rsshub.app/bilibili/weekly
Feed error: 403
append_entries: 0
error when rendering xml, skip docs/Bilibili每周必看
------------------------------------------------------
Started: 2024-05-25 16:13:18.362565
Existing_entries: 393
Fetching from https://rsshub.app/bilibili/weekly
Feed error: 403
append_entries: 0
error when rendering xml, skip docs/Bilibili每周必看
------------------------------------------------------
Started: 2024-05-25 18:14:08.863333
Existing_entries: 393
Fetching from https://rsshub.app/bilibili/weekly
Feed error: 403
append_entries: 0
error when rendering xml, skip docs/Bilibili每周必看
------------------------------------------------------
Started: 2024-05-25 20:11:31.664049
Existing_entries: 393
Fetching from https://rsshub.app/bilibili/weekly
Feed error: 403
append_entries: 0
error when rendering xml, skip docs/Bilibili每周必看
------------------------------------------------------
Started: 2024-05-25 22:11:01.099770
Existing_entries: 393
Fetching from https://rsshub.app/bilibili/weekly
Feed error: 403
append_entries: 0
error when rendering xml, skip docs/Bilibili每周必看
------------------------------------------------------
Started: 2024-05-26 00:57:26.153145
Existing_entries: 393
Fetching from https://rsshub.app/bilibili/weekly
Feed error: 403
append_entries: 0
error when rendering xml, skip docs/Bilibili每周必看
------------------------------------------------------
Started: 2024-05-26 02:28:00.521858
Existing_entries: 393
Fetching from https://rsshub.app/bilibili/weekly
Feed error: 403
append_entries: 0
error when rendering xml, skip docs/Bilibili每周必看
------------------------------------------------------
Started: 2024-05-26 04:13:31.516764
Existing_entries: 393
Fetching from https://rsshub.app/bilibili/weekly
Feed error: 403
append_entries: 0
error when rendering xml, skip docs/Bilibili每周必看
------------------------------------------------------
Started: 2024-05-26 06:15:41.968590
Existing_entries: 393
Fetching from https://rsshub.app/bilibili/weekly
Feed error: 403
append_entries: 0
error when rendering xml, skip docs/Bilibili每周必看
------------------------------------------------------
Started: 2024-05-26 08:13:23.565775
Existing_entries: 393
Fetching from https://rsshub.app/bilibili/weekly
Feed error: 403
append_entries: 0
error when rendering xml, skip docs/Bilibili每周必看
------------------------------------------------------
Started: 2024-05-26 10:12:15.890582
Existing_entries: 393
Fetching from https://rsshub.app/bilibili/weekly
Feed error: 403
append_entries: 0
error when rendering xml, skip docs/Bilibili每周必看
------------------------------------------------------
Started: 2024-05-26 12:19:55.469038
Existing_entries: 393
Fetching from https://rsshub.app/bilibili/weekly
Feed error: 403
append_entries: 0
error when rendering xml, skip docs/Bilibili每周必看
------------------------------------------------------
Started: 2024-05-26 14:09:53.673416
Existing_entries: 393
Fetching from https://rsshub.app/bilibili/weekly
Feed error: 403
append_entries: 0
error when rendering xml, skip docs/Bilibili每周必看
------------------------------------------------------
Started: 2024-05-26 16:14:37.933702
Existing_entries: 393
Fetching from https://rsshub.app/bilibili/weekly
Feed error: 403
append_entries: 0
error when rendering xml, skip docs/Bilibili每周必看
------------------------------------------------------
Started: 2024-05-26 18:14:12.133726
Existing_entries: 393
Fetching from https://rsshub.app/bilibili/weekly
Feed error: 403
append_entries: 0
error when rendering xml, skip docs/Bilibili每周必看
------------------------------------------------------
Started: 2024-05-26 20:11:25.568328
Existing_entries: 393
Fetching from https://rsshub.app/bilibili/weekly
Feed error: 403
append_entries: 0
error when rendering xml, skip docs/Bilibili每周必看
------------------------------------------------------
Started: 2024-05-26 22:10:33.359580
Existing_entries: 393
Fetching from https://rsshub.app/bilibili/weekly
Feed error: 403
append_entries: 0
error when rendering xml, skip docs/Bilibili每周必看
------------------------------------------------------
Started: 2024-05-27 00:54:35.692916
Existing_entries: 393
Fetching from https://rsshub.app/bilibili/weekly
Feed error: 403
append_entries: 0
error when rendering xml, skip docs/Bilibili每周必看
------------------------------------------------------
Started: 2024-05-27 02:27:37.206818
Existing_entries: 393
Fetching from https://rsshub.app/bilibili/weekly
Feed error: 403
append_entries: 0
error when rendering xml, skip docs/Bilibili每周必看
------------------------------------------------------
Started: 2024-05-27 04:15:18.713749
Existing_entries: 393
Fetching from https://rsshub.app/bilibili/weekly
Feed error: 403
append_entries: 0
error when rendering xml, skip docs/Bilibili每周必看
------------------------------------------------------
Started: 2024-05-27 06:17:26.185853
Existing_entries: 393
Fetching from https://rsshub.app/bilibili/weekly
Feed error: 403
append_entries: 0
error when rendering xml, skip docs/Bilibili每周必看
------------------------------------------------------
Started: 2024-05-27 08:15:43.084270
Existing_entries: 393
Fetching from https://rsshub.app/bilibili/weekly
Feed error: 403
append_entries: 0
error when rendering xml, skip docs/Bilibili每周必看
------------------------------------------------------
Started: 2024-05-27 10:12:54.034055
Existing_entries: 393
Fetching from https://rsshub.app/bilibili/weekly
Feed error: 403
append_entries: 0
error when rendering xml, skip docs/Bilibili每周必看
------------------------------------------------------
Started: 2024-05-27 12:21:48.197607
Existing_entries: 393
Fetching from https://rsshub.app/bilibili/weekly
Feed error: 403
append_entries: 0
error when rendering xml, skip docs/Bilibili每周必看
------------------------------------------------------
Started: 2024-05-27 14:10:57.893115
Existing_entries: 393
Fetching from https://rsshub.app/bilibili/weekly
Feed error: 403
append_entries: 0
error when rendering xml, skip docs/Bilibili每周必看
------------------------------------------------------
Started: 2024-05-27 16:14:14.504698
Existing_entries: 393
Fetching from https://rsshub.app/bilibili/weekly
Feed error: 403
append_entries: 0
error when rendering xml, skip docs/Bilibili每周必看
------------------------------------------------------
Started: 2024-05-27 18:15:16.446992
Existing_entries: 393
Fetching from https://rsshub.app/bilibili/weekly
Feed error: 403
append_entries: 0
error when rendering xml, skip docs/Bilibili每周必看
------------------------------------------------------
Started: 2024-05-27 20:12:09.466186
Existing_entries: 393
Fetching from https://rsshub.app/bilibili/weekly
Feed error: 403
append_entries: 0
error when rendering xml, skip docs/Bilibili每周必看
------------------------------------------------------
Started: 2024-05-27 22:10:50.503208
Existing_entries: 393
Fetching from https://rsshub.app/bilibili/weekly
Feed error: 403
append_entries: 0
error when rendering xml, skip docs/Bilibili每周必看
------------------------------------------------------
Started: 2024-05-28 00:53:41.545112
Existing_entries: 393
Fetching from https://rsshub.app/bilibili/weekly
Feed error: 403
append_entries: 0
error when rendering xml, skip docs/Bilibili每周必看
------------------------------------------------------
Started: 2024-05-28 02:27:25.455831
Existing_entries: 393
Fetching from https://rsshub.app/bilibili/weekly
Feed error: 403
append_entries: 0
error when rendering xml, skip docs/Bilibili每周必看
------------------------------------------------------
Started: 2024-05-28 04:16:26.653041
Existing_entries: 393
Fetching from https://rsshub.app/bilibili/weekly
Feed error: 403
append_entries: 0
error when rendering xml, skip docs/Bilibili每周必看
------------------------------------------------------
Started: 2024-05-28 06:16:04.323430
Existing_entries: 393
Fetching from https://rsshub.app/bilibili/weekly
Feed error: 403
append_entries: 0
error when rendering xml, skip docs/Bilibili每周必看
------------------------------------------------------
Started: 2024-05-28 08:16:21.313412
Existing_entries: 393
Fetching from https://rsshub.app/bilibili/weekly
Feed error: 403
append_entries: 0
error when rendering xml, skip docs/Bilibili每周必看
------------------------------------------------------
Started: 2024-05-28 10:12:50.858273
Existing_entries: 393
Fetching from https://rsshub.app/bilibili/weekly
Feed error: 403
append_entries: 0
error when rendering xml, skip docs/Bilibili每周必看
------------------------------------------------------
Started: 2024-05-28 12:21:44.147982
Existing_entries: 393
Fetching from https://rsshub.app/bilibili/weekly
Feed error: 403
append_entries: 0
error when rendering xml, skip docs/Bilibili每周必看
------------------------------------------------------
Started: 2024-05-28 14:11:24.830063
Existing_entries: 393
Fetching from https://rsshub.app/bilibili/weekly
Feed error: 403
append_entries: 0
error when rendering xml, skip docs/Bilibili每周必看
------------------------------------------------------
Started: 2024-05-28 16:14:22.467871
Existing_entries: 393
Fetching from https://rsshub.app/bilibili/weekly
Feed error: 403
append_entries: 0
error when rendering xml, skip docs/Bilibili每周必看
------------------------------------------------------
Started: 2024-05-28 18:14:55.970506
Existing_entries: 393
Fetching from https://rsshub.app/bilibili/weekly
Feed error: 403
append_entries: 0
error when rendering xml, skip docs/Bilibili每周必看
------------------------------------------------------
Started: 2024-05-28 20:12:54.042257
Existing_entries: 393
Fetching from https://rsshub.app/bilibili/weekly
Feed error: 403
append_entries: 0
error when rendering xml, skip docs/Bilibili每周必看
------------------------------------------------------
Started: 2024-05-28 22:10:53.990901
Existing_entries: 393
Fetching from https://rsshub.app/bilibili/weekly
Feed error: 403
append_entries: 0
error when rendering xml, skip docs/Bilibili每周必看
------------------------------------------------------
Started: 2024-05-29 00:57:01.580150
Existing_entries: 393
Fetching from https://rsshub.app/bilibili/weekly
Feed error: 403
append_entries: 0
error when rendering xml, skip docs/Bilibili每周必看
------------------------------------------------------
Started: 2024-05-29 02:28:42.639980
Existing_entries: 393
Fetching from https://rsshub.app/bilibili/weekly
Feed error: 403
append_entries: 0
error when rendering xml, skip docs/Bilibili每周必看
------------------------------------------------------
Started: 2024-05-29 04:16:03.846069
Existing_entries: 393
Fetching from https://rsshub.app/bilibili/weekly
Feed error: 403
append_entries: 0
error when rendering xml, skip docs/Bilibili每周必看
------------------------------------------------------
Started: 2024-05-29 06:16:27.369001
Existing_entries: 393
Fetching from https://rsshub.app/bilibili/weekly
Feed error: 403
append_entries: 0
error when rendering xml, skip docs/Bilibili每周必看
------------------------------------------------------
Started: 2024-05-29 08:16:22.655095
Existing_entries: 393
Fetching from https://rsshub.app/bilibili/weekly
Feed error: 403
append_entries: 0
error when rendering xml, skip docs/Bilibili每周必看
------------------------------------------------------
Started: 2024-05-29 10:13:49.883413
Existing_entries: 393
Fetching from https://rsshub.app/bilibili/weekly
Feed error: 403
append_entries: 0
error when rendering xml, skip docs/Bilibili每周必看
------------------------------------------------------
Started: 2024-05-29 12:21:59.272108
Existing_entries: 393
Fetching from https://rsshub.app/bilibili/weekly
Feed error: 403
append_entries: 0
error when rendering xml, skip docs/Bilibili每周必看
------------------------------------------------------
Started: 2024-05-29 14:11:46.736992
Existing_entries: 393
Fetching from https://rsshub.app/bilibili/weekly
Feed error: 403
append_entries: 0
error when rendering xml, skip docs/Bilibili每周必看
------------------------------------------------------
Started: 2024-05-29 16:15:24.130258
Existing_entries: 393
Fetching from https://rsshub.app/bilibili/weekly
Feed error: 403
append_entries: 0
error when rendering xml, skip docs/Bilibili每周必看
------------------------------------------------------
Started: 2024-05-29 18:14:58.777965
Existing_entries: 393
Fetching from https://rsshub.app/bilibili/weekly
Feed error: 403
append_entries: 0
error when rendering xml, skip docs/Bilibili每周必看
------------------------------------------------------
Started: 2024-05-29 20:13:07.403345
Existing_entries: 393
Fetching from https://rsshub.app/bilibili/weekly
Feed error: 403
append_entries: 0
error when rendering xml, skip docs/Bilibili每周必看
------------------------------------------------------
Started: 2024-05-29 22:11:43.120874
Existing_entries: 393
Fetching from https://rsshub.app/bilibili/weekly
Feed error: 403
append_entries: 0
error when rendering xml, skip docs/Bilibili每周必看
------------------------------------------------------
Started: 2024-05-30 00:53:44.799840
Existing_entries: 393
Fetching from https://rsshub.app/bilibili/weekly
Feed error: 403
append_entries: 0
error when rendering xml, skip docs/Bilibili每周必看
------------------------------------------------------
Started: 2024-05-30 02:27:54.807587
Existing_entries: 393
Fetching from https://rsshub.app/bilibili/weekly
Feed error: 403
append_entries: 0
error when rendering xml, skip docs/Bilibili每周必看
------------------------------------------------------
Started: 2024-05-30 04:17:11.914958
Existing_entries: 393
Fetching from https://rsshub.app/bilibili/weekly
Feed error: 403
append_entries: 0
error when rendering xml, skip docs/Bilibili每周必看
------------------------------------------------------
Started: 2024-05-30 06:16:15.037421
Existing_entries: 393
Fetching from https://rsshub.app/bilibili/weekly
Feed error: 403
append_entries: 0
error when rendering xml, skip docs/Bilibili每周必看
------------------------------------------------------
Started: 2024-05-30 08:16:05.444073
Existing_entries: 393
Fetching from https://rsshub.app/bilibili/weekly
Feed error: 403
append_entries: 0
error when rendering xml, skip docs/Bilibili每周必看
------------------------------------------------------
Started: 2024-05-30 10:13:10.171326
Existing_entries: 393
Fetching from https://rsshub.app/bilibili/weekly
Feed error: 403
append_entries: 0
error when rendering xml, skip docs/Bilibili每周必看
------------------------------------------------------
Started: 2024-05-30 12:21:56.767068
Existing_entries: 393
Fetching from https://rsshub.app/bilibili/weekly
Feed error: 403
append_entries: 0
error when rendering xml, skip docs/Bilibili每周必看
------------------------------------------------------
Started: 2024-05-30 14:12:25.072430
Existing_entries: 393
Fetching from https://rsshub.app/bilibili/weekly
Feed error: 403
append_entries: 0
error when rendering xml, skip docs/Bilibili每周必看
------------------------------------------------------
Started: 2024-05-30 16:14:40.023511
Existing_entries: 393
Fetching from https://rsshub.app/bilibili/weekly
Feed error: 403
append_entries: 0
error when rendering xml, skip docs/Bilibili每周必看
------------------------------------------------------
Started: 2024-05-30 18:16:44.842478
Existing_entries: 393
Fetching from https://rsshub.app/bilibili/weekly
Feed error: 403
append_entries: 0
error when rendering xml, skip docs/Bilibili每周必看
------------------------------------------------------
Started: 2024-05-30 20:13:42.424271
Existing_entries: 393
Fetching from https://rsshub.app/bilibili/weekly
Feed error: 403
append_entries: 0
error when rendering xml, skip docs/Bilibili每周必看
------------------------------------------------------
Started: 2024-05-30 22:11:58.983349
Existing_entries: 393
Fetching from https://rsshub.app/bilibili/weekly
Feed error: 403
append_entries: 0
error when rendering xml, skip docs/Bilibili每周必看
------------------------------------------------------
Started: 2024-05-31 00:54:47.567112
Existing_entries: 393
Fetching from https://rsshub.app/bilibili/weekly
Feed error: 403
append_entries: 0
error when rendering xml, skip docs/Bilibili每周必看
------------------------------------------------------
Started: 2024-05-31 02:27:57.814690
Existing_entries: 393
Fetching from https://rsshub.app/bilibili/weekly
Feed error: 403
append_entries: 0
error when rendering xml, skip docs/Bilibili每周必看
------------------------------------------------------
Started: 2024-05-31 04:15:49.544873
Existing_entries: 393
Fetching from https://rsshub.app/bilibili/weekly
Feed error: 403
append_entries: 0
error when rendering xml, skip docs/Bilibili每周必看
------------------------------------------------------
Started: 2024-05-31 06:16:23.157944
Existing_entries: 393
Fetching from https://rsshub.app/bilibili/weekly
Feed error: 403
append_entries: 0
error when rendering xml, skip docs/Bilibili每周必看
------------------------------------------------------
Started: 2024-05-31 08:15:30.453666
Existing_entries: 393
Fetching from https://rsshub.app/bilibili/weekly
Feed error: 403
append_entries: 0
error when rendering xml, skip docs/Bilibili每周必看
------------------------------------------------------
Started: 2024-05-31 10:12:43.701856
Existing_entries: 393
Fetching from https://rsshub.app/bilibili/weekly
Feed error: 403
append_entries: 0
error when rendering xml, skip docs/Bilibili每周必看
------------------------------------------------------
Started: 2024-05-31 12:21:37.314533
Existing_entries: 393
Fetching from https://rsshub.app/bilibili/weekly
Feed error: 403
append_entries: 0
error when rendering xml, skip docs/Bilibili每周必看
------------------------------------------------------
Started: 2024-05-31 14:11:03.572905
Existing_entries: 393
Fetching from https://rsshub.app/bilibili/weekly
Feed error: 403
append_entries: 0
error when rendering xml, skip docs/Bilibili每周必看
------------------------------------------------------
Started: 2024-05-31 16:14:03.793576
Existing_entries: 393
Fetching from https://rsshub.app/bilibili/weekly
Feed error: 403
append_entries: 0
error when rendering xml, skip docs/Bilibili每周必看
------------------------------------------------------
Started: 2024-05-31 18:15:16.908004
Existing_entries: 393
Fetching from https://rsshub.app/bilibili/weekly
Feed error: 403
append_entries: 0
error when rendering xml, skip docs/Bilibili每周必看
------------------------------------------------------
Started: 2024-05-31 20:12:05.470223
Existing_entries: 393
Fetching from https://rsshub.app/bilibili/weekly
Feed error: 403
append_entries: 0
error when rendering xml, skip docs/Bilibili每周必看
------------------------------------------------------
Started: 2024-05-31 22:11:02.597284
Existing_entries: 393
Fetching from https://rsshub.app/bilibili/weekly
Feed error: 403
append_entries: 0
error when rendering xml, skip docs/Bilibili每周必看
------------------------------------------------------
Started: 2024-06-01 00:57:14.435184
Existing_entries: 393
Fetching from https://rsshub.app/bilibili/weekly
Feed error: 403
append_entries: 0
error when rendering xml, skip docs/Bilibili每周必看
------------------------------------------------------
Started: 2024-06-01 02:29:57.327146
Existing_entries: 393
Fetching from https://rsshub.app/bilibili/weekly
Feed error: 403
append_entries: 0
error when rendering xml, skip docs/Bilibili每周必看
------------------------------------------------------
Started: 2024-06-01 04:14:03.579208
Existing_entries: 393
Fetching from https://rsshub.app/bilibili/weekly
Feed error: 403
append_entries: 0
error when rendering xml, skip docs/Bilibili每周必看
------------------------------------------------------
Started: 2024-06-01 06:15:25.084641
Existing_entries: 393
Fetching from https://rsshub.app/bilibili/weekly
Feed error: 403
append_entries: 0
error when rendering xml, skip docs/Bilibili每周必看
------------------------------------------------------
Started: 2024-06-01 08:14:21.116701
Existing_entries: 393
Fetching from https://rsshub.app/bilibili/weekly
Feed error: 403
append_entries: 0
error when rendering xml, skip docs/Bilibili每周必看
------------------------------------------------------
Started: 2024-06-01 10:12:23.976133
Existing_entries: 393
Fetching from https://rsshub.app/bilibili/weekly
Feed error: 403
append_entries: 0
error when rendering xml, skip docs/Bilibili每周必看
------------------------------------------------------
Started: 2024-06-01 12:20:33.764867
Existing_entries: 393
Fetching from https://rsshub.app/bilibili/weekly
Feed error: 403
append_entries: 0
error when rendering xml, skip docs/Bilibili每周必看
------------------------------------------------------
Started: 2024-06-01 14:11:06.040530
Existing_entries: 393
Fetching from https://rsshub.app/bilibili/weekly
Feed error: 403
append_entries: 0
error when rendering xml, skip docs/Bilibili每周必看
------------------------------------------------------
Started: 2024-06-01 16:13:20.148069
Existing_entries: 393
Fetching from https://rsshub.app/bilibili/weekly
Feed error: 403
append_entries: 0
error when rendering xml, skip docs/Bilibili每周必看
------------------------------------------------------
Started: 2024-06-01 18:14:45.694285
Existing_entries: 393
Fetching from https://rsshub.app/bilibili/weekly
Feed error: 403
append_entries: 0
error when rendering xml, skip docs/Bilibili每周必看
------------------------------------------------------
Started: 2024-06-01 20:11:24.185587
Existing_entries: 393
Fetching from https://rsshub.app/bilibili/weekly
Feed error: 403
append_entries: 0
error when rendering xml, skip docs/Bilibili每周必看
------------------------------------------------------
Started: 2024-06-01 22:10:36.628541
Existing_entries: 393
Fetching from https://rsshub.app/bilibili/weekly
Feed error: 403
append_entries: 0
error when rendering xml, skip docs/Bilibili每周必看
------------------------------------------------------
Started: 2024-06-02 00:57:42.998567
Existing_entries: 393
Fetching from https://rsshub.app/bilibili/weekly
Feed error: 403
append_entries: 0
error when rendering xml, skip docs/Bilibili每周必看
------------------------------------------------------
Started: 2024-06-02 02:29:39.630528
Existing_entries: 393
Fetching from https://rsshub.app/bilibili/weekly
Feed error: 403
append_entries: 0
error when rendering xml, skip docs/Bilibili每周必看
------------------------------------------------------
Started: 2024-06-02 04:13:28.473548
Existing_entries: 393
Fetching from https://rsshub.app/bilibili/weekly
Feed error: 403
append_entries: 0
error when rendering xml, skip docs/Bilibili每周必看
------------------------------------------------------
Started: 2024-06-02 06:16:48.541709
Existing_entries: 393
Fetching from https://rsshub.app/bilibili/weekly
Feed error: 403
append_entries: 0
error when rendering xml, skip docs/Bilibili每周必看
------------------------------------------------------
Started: 2024-06-02 08:13:46.968866
Existing_entries: 393
Fetching from https://rsshub.app/bilibili/weekly
Feed error: 403
append_entries: 0
error when rendering xml, skip docs/Bilibili每周必看
------------------------------------------------------
Started: 2024-06-02 10:11:33.678296
Existing_entries: 393
Fetching from https://rsshub.app/bilibili/weekly
Feed error: 403
append_entries: 0
error when rendering xml, skip docs/Bilibili每周必看
------------------------------------------------------
Started: 2024-06-02 12:20:11.551567
Existing_entries: 393
Fetching from https://rsshub.app/bilibili/weekly
Feed error: 403
append_entries: 0
error when rendering xml, skip docs/Bilibili每周必看
------------------------------------------------------
Started: 2024-06-02 14:10:09.785935
Existing_entries: 393
Fetching from https://rsshub.app/bilibili/weekly
Feed error: 403
append_entries: 0
error when rendering xml, skip docs/Bilibili每周必看
------------------------------------------------------
Started: 2024-06-02 16:13:59.311853
Existing_entries: 393
Fetching from https://rsshub.app/bilibili/weekly
Feed error: 403
append_entries: 0
error when rendering xml, skip docs/Bilibili每周必看
------------------------------------------------------
Started: 2024-06-02 18:15:40.552622
Existing_entries: 393
Fetching from https://rsshub.app/bilibili/weekly
Feed error: 403
append_entries: 0
error when rendering xml, skip docs/Bilibili每周必看
------------------------------------------------------
Started: 2024-06-02 20:11:30.534209
Existing_entries: 393
Fetching from https://rsshub.app/bilibili/weekly
Feed error: 403
append_entries: 0
error when rendering xml, skip docs/Bilibili每周必看
------------------------------------------------------
Started: 2024-06-02 22:10:39.395919
Existing_entries: 393
Fetching from https://rsshub.app/bilibili/weekly
Feed error: 403
append_entries: 0
error when rendering xml, skip docs/Bilibili每周必看
------------------------------------------------------
Started: 2024-06-03 00:55:11.432724
Existing_entries: 393
Fetching from https://rsshub.app/bilibili/weekly
Feed error: 403
append_entries: 0
error when rendering xml, skip docs/Bilibili每周必看
------------------------------------------------------
Started: 2024-06-03 02:28:36.485226
Existing_entries: 393
Fetching from https://rsshub.app/bilibili/weekly
Feed error: 403
append_entries: 0
error when rendering xml, skip docs/Bilibili每周必看
------------------------------------------------------
Started: 2024-06-03 04:16:32.728640
Existing_entries: 393
Fetching from https://rsshub.app/bilibili/weekly
Feed error: 403
append_entries: 0
error when rendering xml, skip docs/Bilibili每周必看
------------------------------------------------------
Started: 2024-06-03 06:16:59.988361
Existing_entries: 393
Fetching from https://rsshub.app/bilibili/weekly
Feed error: 403
append_entries: 0
error when rendering xml, skip docs/Bilibili每周必看
------------------------------------------------------
Started: 2024-06-03 08:16:30.847787
Existing_entries: 393
Fetching from https://rsshub.app/bilibili/weekly
Feed error: 403
append_entries: 0
error when rendering xml, skip docs/Bilibili每周必看
------------------------------------------------------
Started: 2024-06-03 10:15:31.035152
Existing_entries: 393
Fetching from https://rsshub.app/bilibili/weekly
Feed error: 403
append_entries: 0
error when rendering xml, skip docs/Bilibili每周必看
------------------------------------------------------
Started: 2024-06-03 12:22:58.677767
Existing_entries: 393
Fetching from https://rsshub.app/bilibili/weekly
Feed error: 403
append_entries: 0
error when rendering xml, skip docs/Bilibili每周必看
------------------------------------------------------
Started: 2024-06-03 14:11:39.372388
Existing_entries: 393
Fetching from https://rsshub.app/bilibili/weekly
Feed error: 403
append_entries: 0
error when rendering xml, skip docs/Bilibili每周必看
------------------------------------------------------
Started: 2024-06-03 16:15:28.359735
Existing_entries: 393
Fetching from https://rsshub.app/bilibili/weekly
Feed error: 403
append_entries: 0
error when rendering xml, skip docs/Bilibili每周必看
------------------------------------------------------
Started: 2024-06-03 18:16:16.417018
Existing_entries: 393
Fetching from https://rsshub.app/bilibili/weekly
Feed error: 403
append_entries: 0
error when rendering xml, skip docs/Bilibili每周必看
------------------------------------------------------
Started: 2024-06-03 20:12:20.566129
Existing_entries: 393
Fetching from https://rsshub.app/bilibili/weekly
Feed error: 403
append_entries: 0
error when rendering xml, skip docs/Bilibili每周必看
------------------------------------------------------
Started: 2024-06-03 22:12:05.033569
Existing_entries: 393
Fetching from https://rsshub.app/bilibili/weekly
Feed error: 403
append_entries: 0
error when rendering xml, skip docs/Bilibili每周必看
------------------------------------------------------
Started: 2024-06-04 00:54:50.505956
Existing_entries: 393
Fetching from https://rsshub.app/bilibili/weekly
Feed error: 403
append_entries: 0
error when rendering xml, skip docs/Bilibili每周必看
------------------------------------------------------
Started: 2024-06-04 02:28:11.835666
Existing_entries: 393
Fetching from https://rsshub.app/bilibili/weekly
Feed error: 403
append_entries: 0
error when rendering xml, skip docs/Bilibili每周必看
------------------------------------------------------
Started: 2024-06-04 04:14:04.726288
Existing_entries: 393
Fetching from https://rsshub.app/bilibili/weekly
Feed error: 403
append_entries: 0
error when rendering xml, skip docs/Bilibili每周必看
------------------------------------------------------
Started: 2024-06-04 06:16:25.036315
Existing_entries: 393
Fetching from https://rsshub.app/bilibili/weekly
Feed error: 403
append_entries: 0
error when rendering xml, skip docs/Bilibili每周必看
------------------------------------------------------
Started: 2024-06-04 08:15:28.633033
Existing_entries: 393
Fetching from https://rsshub.app/bilibili/weekly
Feed error: 403
append_entries: 0
error when rendering xml, skip docs/Bilibili每周必看
------------------------------------------------------
Started: 2024-06-04 10:13:01.476437
Existing_entries: 393
Fetching from https://rsshub.app/bilibili/weekly
Feed error: 403
append_entries: 0
error when rendering xml, skip docs/Bilibili每周必看
------------------------------------------------------
Started: 2024-06-04 12:22:05.508155
Existing_entries: 393
Fetching from https://rsshub.app/bilibili/weekly
Feed error: 403
append_entries: 0
error when rendering xml, skip docs/Bilibili每周必看
------------------------------------------------------
Started: 2024-06-04 14:11:46.732383
Existing_entries: 393
Fetching from https://rsshub.app/bilibili/weekly
Feed error: 403
append_entries: 0
error when rendering xml, skip docs/Bilibili每周必看
------------------------------------------------------
Started: 2024-06-04 16:15:32.480308
Existing_entries: 393
Fetching from https://rsshub.app/bilibili/weekly
Feed error: 403
append_entries: 0
error when rendering xml, skip docs/Bilibili每周必看
------------------------------------------------------
Started: 2024-06-04 18:15:55.339304
Existing_entries: 393
Fetching from https://rsshub.app/bilibili/weekly
Feed error: 403
append_entries: 0
error when rendering xml, skip docs/Bilibili每周必看
------------------------------------------------------
Started: 2024-06-04 20:12:39.869090
Existing_entries: 393
Fetching from https://rsshub.app/bilibili/weekly
Feed error: 403
append_entries: 0
error when rendering xml, skip docs/Bilibili每周必看
------------------------------------------------------
Started: 2024-06-04 22:12:15.240663
Existing_entries: 393
Fetching from https://rsshub.app/bilibili/weekly
Feed error: 403
append_entries: 0
error when rendering xml, skip docs/Bilibili每周必看
------------------------------------------------------
Started: 2024-06-05 00:54:34.215021
Existing_entries: 393
Fetching from https://rsshub.app/bilibili/weekly
Feed error: 403
append_entries: 0
error when rendering xml, skip docs/Bilibili每周必看
------------------------------------------------------
Started: 2024-06-05 02:28:18.415476
Existing_entries: 393
Fetching from https://rsshub.app/bilibili/weekly
Feed error: 403
append_entries: 0
error when rendering xml, skip docs/Bilibili每周必看
------------------------------------------------------
Started: 2024-06-05 04:17:11.848254
Existing_entries: 393
Fetching from https://rsshub.app/bilibili/weekly
Feed error: 403
append_entries: 0
error when rendering xml, skip docs/Bilibili每周必看
------------------------------------------------------
Started: 2024-06-05 06:16:44.522001
Existing_entries: 393
Fetching from https://rsshub.app/bilibili/weekly
Feed error: 403
append_entries: 0
error when rendering xml, skip docs/Bilibili每周必看
------------------------------------------------------
Started: 2024-06-05 08:15:06.678330
Existing_entries: 393
Fetching from https://rsshub.app/bilibili/weekly
Feed error: 403
append_entries: 0
error when rendering xml, skip docs/Bilibili每周必看
------------------------------------------------------
Started: 2024-06-05 10:12:39.545679
Existing_entries: 393
Fetching from https://rsshub.app/bilibili/weekly
Feed error: 403
append_entries: 0
error when rendering xml, skip docs/Bilibili每周必看
------------------------------------------------------
Started: 2024-06-05 12:22:22.432116
Existing_entries: 393
Fetching from https://rsshub.app/bilibili/weekly
Feed error: 403
append_entries: 0
error when rendering xml, skip docs/Bilibili每周必看
------------------------------------------------------
Started: 2024-06-05 14:12:26.961487
Existing_entries: 393
Fetching from https://rsshub.app/bilibili/weekly
Feed error: 403
append_entries: 0
error when rendering xml, skip docs/Bilibili每周必看
------------------------------------------------------
Started: 2024-06-05 16:15:15.942513
Existing_entries: 393
Fetching from https://rsshub.app/bilibili/weekly
Feed error: 403
append_entries: 0
error when rendering xml, skip docs/Bilibili每周必看
------------------------------------------------------
Started: 2024-06-05 18:15:16.422238
Existing_entries: 393
Fetching from https://rsshub.app/bilibili/weekly
Feed error: 403
append_entries: 0
error when rendering xml, skip docs/Bilibili每周必看
------------------------------------------------------
Started: 2024-06-05 20:13:06.785207
Existing_entries: 393
Fetching from https://rsshub.app/bilibili/weekly
Feed error: 403
append_entries: 0
error when rendering xml, skip docs/Bilibili每周必看
------------------------------------------------------
Started: 2024-06-05 22:11:37.210327
Existing_entries: 393
Fetching from https://rsshub.app/bilibili/weekly
Feed error: 403
append_entries: 0
error when rendering xml, skip docs/Bilibili每周必看
------------------------------------------------------
Started: 2024-06-06 00:54:22.354432
Existing_entries: 393
Fetching from https://rsshub.app/bilibili/weekly
Feed error: 403
append_entries: 0
error when rendering xml, skip docs/Bilibili每周必看
------------------------------------------------------
Started: 2024-06-06 02:27:59.497806
Existing_entries: 393
Fetching from https://rsshub.app/bilibili/weekly
Feed error: 403
append_entries: 0
error when rendering xml, skip docs/Bilibili每周必看
------------------------------------------------------
Started: 2024-06-06 04:14:12.601126
Existing_entries: 393
Fetching from https://rsshub.app/bilibili/weekly
Feed error: 403
append_entries: 0
error when rendering xml, skip docs/Bilibili每周必看
------------------------------------------------------
Started: 2024-06-06 06:16:40.319934
Existing_entries: 393
Fetching from https://rsshub.app/bilibili/weekly
Feed error: 403
append_entries: 0
error when rendering xml, skip docs/Bilibili每周必看
------------------------------------------------------
Started: 2024-06-06 08:15:35.688210
Existing_entries: 393
Fetching from https://rsshub.app/bilibili/weekly
Feed error: 403
append_entries: 0
error when rendering xml, skip docs/Bilibili每周必看
------------------------------------------------------
Started: 2024-06-06 10:12:55.534342
Existing_entries: 393
Fetching from https://rsshub.app/bilibili/weekly
Feed error: 403
append_entries: 0
error when rendering xml, skip docs/Bilibili每周必看
------------------------------------------------------
Started: 2024-06-06 12:22:28.065178
Existing_entries: 393
Fetching from https://rsshub.app/bilibili/weekly
Feed error: 403
append_entries: 0
error when rendering xml, skip docs/Bilibili每周必看
------------------------------------------------------
Started: 2024-06-06 14:12:05.602826
Existing_entries: 393
Fetching from https://rsshub.app/bilibili/weekly
Feed error: 403
append_entries: 0
error when rendering xml, skip docs/Bilibili每周必看
------------------------------------------------------
Started: 2024-06-06 16:14:57.875355
Existing_entries: 393
Fetching from https://rsshub.app/bilibili/weekly
Feed error: 403
append_entries: 0
error when rendering xml, skip docs/Bilibili每周必看
------------------------------------------------------
Started: 2024-06-06 18:15:21.480236
Existing_entries: 393
Fetching from https://rsshub.app/bilibili/weekly
Feed error: 403
append_entries: 0
error when rendering xml, skip docs/Bilibili每周必看
------------------------------------------------------
Started: 2024-06-06 20:14:06.161460
Existing_entries: 393
Fetching from https://rsshub.app/bilibili/weekly
Feed error: 403
append_entries: 0
error when rendering xml, skip docs/Bilibili每周必看
------------------------------------------------------
Started: 2024-06-06 22:11:05.240505
Existing_entries: 393
Fetching from https://rsshub.app/bilibili/weekly
Feed error: 403
append_entries: 0
error when rendering xml, skip docs/Bilibili每周必看
------------------------------------------------------
Started: 2024-06-07 00:56:30.654136
Existing_entries: 393
Fetching from https://rsshub.app/bilibili/weekly
Feed error: 403
append_entries: 0
error when rendering xml, skip docs/Bilibili每周必看
------------------------------------------------------
Started: 2024-06-07 02:29:45.536248
Existing_entries: 393
Fetching from https://rsshub.app/bilibili/weekly
Feed error: 403
append_entries: 0
error when rendering xml, skip docs/Bilibili每周必看
------------------------------------------------------
Started: 2024-06-07 04:15:18.341726
Existing_entries: 393
Fetching from https://rsshub.app/bilibili/weekly
Feed error: 403
append_entries: 0
error when rendering xml, skip docs/Bilibili每周必看
------------------------------------------------------
Started: 2024-06-07 06:17:25.776782
Existing_entries: 393
Fetching from https://rsshub.app/bilibili/weekly
Feed error: 403
append_entries: 0
error when rendering xml, skip docs/Bilibili每周必看
------------------------------------------------------
Started: 2024-06-07 08:15:38.700331
Existing_entries: 393
Fetching from https://rsshub.app/bilibili/weekly
Feed error: 403
append_entries: 0
error when rendering xml, skip docs/Bilibili每周必看
------------------------------------------------------
Started: 2024-06-07 10:12:47.173181
Existing_entries: 393
Fetching from https://rsshub.app/bilibili/weekly
Feed error: 403
append_entries: 0
error when rendering xml, skip docs/Bilibili每周必看
------------------------------------------------------
Started: 2024-06-07 12:23:46.993949
Existing_entries: 393
Fetching from https://rsshub.app/bilibili/weekly
Feed error: 403
append_entries: 0
error when rendering xml, skip docs/Bilibili每周必看
------------------------------------------------------
Started: 2024-06-07 14:12:35.045821
Existing_entries: 393
Fetching from https://rsshub.app/bilibili/weekly
Feed error: 403
append_entries: 0
error when rendering xml, skip docs/Bilibili每周必看
------------------------------------------------------
Started: 2024-06-07 16:14:12.884100
Existing_entries: 393
Fetching from https://rsshub.app/bilibili/weekly
Feed error: 403
append_entries: 0
error when rendering xml, skip docs/Bilibili每周必看
------------------------------------------------------
Started: 2024-06-07 18:16:31.300716
Existing_entries: 393
Fetching from https://rsshub.app/bilibili/weekly
Feed error: 403
append_entries: 0
error when rendering xml, skip docs/Bilibili每周必看
------------------------------------------------------
Started: 2024-06-07 20:12:24.207395
Existing_entries: 393
Fetching from https://rsshub.app/bilibili/weekly
Feed error: 403
append_entries: 0
error when rendering xml, skip docs/Bilibili每周必看
------------------------------------------------------
Started: 2024-06-07 22:12:02.875258
Existing_entries: 393
Fetching from https://rsshub.app/bilibili/weekly
Feed error: 403
append_entries: 0
error when rendering xml, skip docs/Bilibili每周必看
------------------------------------------------------
Started: 2024-06-08 00:54:40.407898
Existing_entries: 393
Fetching from https://rsshub.app/bilibili/weekly
Feed error: 403
append_entries: 0
error when rendering xml, skip docs/Bilibili每周必看
------------------------------------------------------
Started: 2024-06-08 02:28:12.046371
Existing_entries: 393
Fetching from https://rsshub.app/bilibili/weekly
Feed error: 403
append_entries: 0
error when rendering xml, skip docs/Bilibili每周必看
------------------------------------------------------
Started: 2024-06-08 04:15:09.343030
Existing_entries: 393
Fetching from https://rsshub.app/bilibili/weekly
Feed error: 403
append_entries: 0
error when rendering xml, skip docs/Bilibili每周必看
------------------------------------------------------
Started: 2024-06-08 06:15:11.281815
Existing_entries: 393
Fetching from https://rsshub.app/bilibili/weekly
Feed error: 403
append_entries: 0
error when rendering xml, skip docs/Bilibili每周必看
------------------------------------------------------
Started: 2024-06-08 08:13:43.051445
Existing_entries: 393
Fetching from https://rsshub.app/bilibili/weekly
Feed error: 403
append_entries: 0
error when rendering xml, skip docs/Bilibili每周必看
------------------------------------------------------
Started: 2024-06-08 10:12:22.894946
Existing_entries: 393
Fetching from https://rsshub.app/bilibili/weekly
Feed error: 403
append_entries: 0
error when rendering xml, skip docs/Bilibili每周必看
------------------------------------------------------
Started: 2024-06-08 12:20:04.857726
Existing_entries: 393
Fetching from https://rsshub.app/bilibili/weekly
Feed error: 403
append_entries: 0
error when rendering xml, skip docs/Bilibili每周必看
------------------------------------------------------
Started: 2024-06-08 14:11:20.168713
Existing_entries: 393
Fetching from https://rsshub.app/bilibili/weekly
Feed error: 403
append_entries: 0
error when rendering xml, skip docs/Bilibili每周必看
------------------------------------------------------
Started: 2024-06-08 16:15:25.602006
Existing_entries: 393
Fetching from https://rsshub.app/bilibili/weekly
Feed error: 403
append_entries: 0
error when rendering xml, skip docs/Bilibili每周必看
------------------------------------------------------
Started: 2024-06-08 18:14:34.733117
Existing_entries: 393
Fetching from https://rsshub.app/bilibili/weekly
Feed error: 403
append_entries: 0
error when rendering xml, skip docs/Bilibili每周必看
------------------------------------------------------
Started: 2024-06-08 20:11:25.483362
Existing_entries: 393
Fetching from https://rsshub.app/bilibili/weekly
Feed error: 403
append_entries: 0
error when rendering xml, skip docs/Bilibili每周必看
------------------------------------------------------
Started: 2024-06-08 22:10:48.420067
Existing_entries: 393
Fetching from https://rsshub.app/bilibili/weekly
Feed error: 403
append_entries: 0
error when rendering xml, skip docs/Bilibili每周必看
------------------------------------------------------
Started: 2024-06-09 00:59:44.714067
Existing_entries: 393
Fetching from https://rsshub.app/bilibili/weekly
Feed error: 403
append_entries: 0
error when rendering xml, skip docs/Bilibili每周必看
------------------------------------------------------
Started: 2024-06-09 02:31:08.453209
Existing_entries: 393
Fetching from https://rsshub.app/bilibili/weekly
Feed error: 403
append_entries: 0
error when rendering xml, skip docs/Bilibili每周必看
------------------------------------------------------
Started: 2024-06-09 04:14:41.430278
Existing_entries: 393
Fetching from https://rsshub.app/bilibili/weekly
Feed error: 403
append_entries: 0
error when rendering xml, skip docs/Bilibili每周必看
------------------------------------------------------
Started: 2024-06-09 06:16:01.543422
Existing_entries: 393
Fetching from https://rsshub.app/bilibili/weekly
Feed error: 403
append_entries: 0
error when rendering xml, skip docs/Bilibili每周必看
------------------------------------------------------
Started: 2024-06-09 08:13:55.848419
Existing_entries: 393
Fetching from https://rsshub.app/bilibili/weekly
Feed error: 403
append_entries: 0
error when rendering xml, skip docs/Bilibili每周必看
------------------------------------------------------
Started: 2024-06-09 10:11:36.929882
Existing_entries: 393
Fetching from https://rsshub.app/bilibili/weekly
Feed error: 403
append_entries: 0
error when rendering xml, skip docs/Bilibili每周必看
------------------------------------------------------
Started: 2024-06-09 12:21:12.159611
Existing_entries: 393
Fetching from https://rsshub.app/bilibili/weekly
Feed error: 403
append_entries: 0
error when rendering xml, skip docs/Bilibili每周必看
------------------------------------------------------
Started: 2024-06-09 14:10:58.333714
Existing_entries: 393
Fetching from https://rsshub.app/bilibili/weekly
Feed error: 403
append_entries: 0
error when rendering xml, skip docs/Bilibili每周必看
------------------------------------------------------
Started: 2024-06-09 16:13:44.838252
Existing_entries: 393
Fetching from https://rsshub.app/bilibili/weekly
Feed error: 403
append_entries: 0
error when rendering xml, skip docs/Bilibili每周必看
------------------------------------------------------
Started: 2024-06-09 18:14:36.230513
Existing_entries: 393
Fetching from https://rsshub.app/bilibili/weekly
Feed error: 403
append_entries: 0
error when rendering xml, skip docs/Bilibili每周必看
------------------------------------------------------
Started: 2024-06-09 20:13:16.875419
Existing_entries: 393
Fetching from https://rsshub.app/bilibili/weekly
Feed error: 403
append_entries: 0
error when rendering xml, skip docs/Bilibili每周必看
------------------------------------------------------
Started: 2024-06-09 22:11:27.094113
Existing_entries: 393
Fetching from https://rsshub.app/bilibili/weekly
Feed error: 403
append_entries: 0
error when rendering xml, skip docs/Bilibili每周必看
------------------------------------------------------
Started: 2024-06-10 00:56:48.709287
Existing_entries: 393
Fetching from https://rsshub.app/bilibili/weekly
Feed error: 403
append_entries: 0
error when rendering xml, skip docs/Bilibili每周必看
------------------------------------------------------
Started: 2024-06-10 02:30:53.001786
Existing_entries: 393
Fetching from https://rsshub.app/bilibili/weekly
Feed error: 403
append_entries: 0
error when rendering xml, skip docs/Bilibili每周必看
------------------------------------------------------
Started: 2024-06-10 04:16:50.205461
Existing_entries: 393
Fetching from https://rsshub.app/bilibili/weekly
Feed error: 403
append_entries: 0
error when rendering xml, skip docs/Bilibili每周必看
------------------------------------------------------
Started: 2024-06-10 06:17:58.409199
Existing_entries: 393
Fetching from https://rsshub.app/bilibili/weekly
Feed error: 403
append_entries: 0
error when rendering xml, skip docs/Bilibili每周必看
------------------------------------------------------
Started: 2024-06-10 08:16:26.951991
Existing_entries: 393
Fetching from https://rsshub.app/bilibili/weekly
Feed error: 403
append_entries: 0
error when rendering xml, skip docs/Bilibili每周必看
------------------------------------------------------
Started: 2024-06-10 10:14:01.680118
Existing_entries: 393
Fetching from https://rsshub.app/bilibili/weekly
Feed error: 403
append_entries: 0
error when rendering xml, skip docs/Bilibili每周必看
------------------------------------------------------
Started: 2024-06-10 12:22:39.568303
Existing_entries: 393
Fetching from https://rsshub.app/bilibili/weekly
Feed error: 403
append_entries: 0
error when rendering xml, skip docs/Bilibili每周必看
------------------------------------------------------
Started: 2024-06-10 14:13:28.996601
Existing_entries: 393
Fetching from https://rsshub.app/bilibili/weekly
Feed error: 403
append_entries: 0
error when rendering xml, skip docs/Bilibili每周必看
------------------------------------------------------
Started: 2024-06-10 16:15:26.065657
Existing_entries: 393
Fetching from https://rsshub.app/bilibili/weekly
Feed error: 403
append_entries: 0
error when rendering xml, skip docs/Bilibili每周必看
------------------------------------------------------
Started: 2024-06-10 18:15:59.002606
Existing_entries: 393
Fetching from https://rsshub.app/bilibili/weekly
Feed error: 403
append_entries: 0
error when rendering xml, skip docs/Bilibili每周必看
------------------------------------------------------
Started: 2024-06-10 20:12:31.776622
Existing_entries: 393
Fetching from https://rsshub.app/bilibili/weekly
Feed error: 403
append_entries: 0
error when rendering xml, skip docs/Bilibili每周必看
------------------------------------------------------
Started: 2024-06-10 22:12:55.261214
Existing_entries: 393
Fetching from https://rsshub.app/bilibili/weekly
Feed error: 403
append_entries: 0
error when rendering xml, skip docs/Bilibili每周必看
------------------------------------------------------
Started: 2024-06-11 00:55:32.523040
Existing_entries: 393
Fetching from https://rsshub.app/bilibili/weekly
Feed error: 403
append_entries: 0
error when rendering xml, skip docs/Bilibili每周必看
------------------------------------------------------
Started: 2024-06-11 02:29:17.731719
Existing_entries: 393
Fetching from https://rsshub.app/bilibili/weekly
Feed error: 403
append_entries: 0
error when rendering xml, skip docs/Bilibili每周必看
------------------------------------------------------
Started: 2024-06-11 04:14:29.985015
Existing_entries: 393
Fetching from https://rsshub.app/bilibili/weekly
Feed error: 403
append_entries: 0
error when rendering xml, skip docs/Bilibili每周必看
------------------------------------------------------
Started: 2024-06-11 06:16:36.469965
Existing_entries: 393
Fetching from https://rsshub.app/bilibili/weekly
Feed error: 403
append_entries: 0
error when rendering xml, skip docs/Bilibili每周必看
------------------------------------------------------
Started: 2024-06-11 08:16:01.220121
Existing_entries: 393
Fetching from https://rsshub.app/bilibili/weekly
Feed error: 403
append_entries: 0
error when rendering xml, skip docs/Bilibili每周必看
------------------------------------------------------
Started: 2024-06-11 10:13:39.773548
Existing_entries: 393
Fetching from https://rsshub.app/bilibili/weekly
Feed error: 403
append_entries: 0
error when rendering xml, skip docs/Bilibili每周必看
------------------------------------------------------
Started: 2024-06-11 12:22:59.570721
Existing_entries: 393
Fetching from https://rsshub.app/bilibili/weekly
Feed error: 403
append_entries: 0
error when rendering xml, skip docs/Bilibili每周必看
------------------------------------------------------
Started: 2024-06-11 14:11:49.696881
Existing_entries: 393
Fetching from https://rsshub.app/bilibili/weekly
Feed error: 403
append_entries: 0
error when rendering xml, skip docs/Bilibili每周必看
------------------------------------------------------
Started: 2024-06-11 16:15:29.033922
Existing_entries: 393
Fetching from https://rsshub.app/bilibili/weekly
Feed error: 403
append_entries: 0
error when rendering xml, skip docs/Bilibili每周必看
------------------------------------------------------
Started: 2024-06-11 18:16:47.466379
Existing_entries: 393
Fetching from https://rsshub.app/bilibili/weekly
Feed error: 403
append_entries: 0
error when rendering xml, skip docs/Bilibili每周必看
------------------------------------------------------
Started: 2024-06-11 20:12:43.002181
Existing_entries: 393
Fetching from https://rsshub.app/bilibili/weekly
Feed error: 403
append_entries: 0
error when rendering xml, skip docs/Bilibili每周必看
------------------------------------------------------
Started: 2024-06-11 22:11:21.541275
Existing_entries: 393
Fetching from https://rsshub.app/bilibili/weekly
Feed error: 403
append_entries: 0
error when rendering xml, skip docs/Bilibili每周必看
------------------------------------------------------
Started: 2024-06-12 00:55:50.621329
Existing_entries: 393
Fetching from https://rsshub.app/bilibili/weekly
Feed error: 403
append_entries: 0
error when rendering xml, skip docs/Bilibili每周必看
------------------------------------------------------
Started: 2024-06-12 02:29:49.806226
Existing_entries: 393
Fetching from https://rsshub.app/bilibili/weekly
Feed error: 403
append_entries: 0
error when rendering xml, skip docs/Bilibili每周必看
------------------------------------------------------
Started: 2024-06-12 04:14:40.094830
Existing_entries: 393
Fetching from https://rsshub.app/bilibili/weekly
Feed error: 403
append_entries: 0
error when rendering xml, skip docs/Bilibili每周必看
------------------------------------------------------
Started: 2024-06-12 06:16:40.306089
Existing_entries: 393
Fetching from https://rsshub.app/bilibili/weekly
Feed error: 403
append_entries: 0
error when rendering xml, skip docs/Bilibili每周必看
------------------------------------------------------
Started: 2024-06-12 08:15:30.361809
Existing_entries: 393
Fetching from https://rsshub.app/bilibili/weekly
Feed error: 403
append_entries: 0
error when rendering xml, skip docs/Bilibili每周必看
------------------------------------------------------
Started: 2024-06-12 10:13:12.014100
Existing_entries: 393
Fetching from https://rsshub.app/bilibili/weekly
Feed error: 403
append_entries: 0
error when rendering xml, skip docs/Bilibili每周必看
------------------------------------------------------
Started: 2024-06-12 12:22:36.633159
Existing_entries: 393
Fetching from https://rsshub.app/bilibili/weekly
Feed error: 403
append_entries: 0
error when rendering xml, skip docs/Bilibili每周必看
------------------------------------------------------
Started: 2024-06-12 14:11:15.580572
Existing_entries: 393
Fetching from https://rsshub.app/bilibili/weekly
Feed error: 403
append_entries: 0
error when rendering xml, skip docs/Bilibili每周必看
------------------------------------------------------
Started: 2024-06-12 16:14:37.337281
Existing_entries: 393
Fetching from https://rsshub.app/bilibili/weekly
Feed error: 403
append_entries: 0
error when rendering xml, skip docs/Bilibili每周必看
------------------------------------------------------
Started: 2024-06-12 18:16:20.811411
Existing_entries: 393
Fetching from https://rsshub.app/bilibili/weekly
Feed error: 403
append_entries: 0
error when rendering xml, skip docs/Bilibili每周必看
------------------------------------------------------
Started: 2024-06-12 20:12:25.566507
Existing_entries: 393
Fetching from https://rsshub.app/bilibili/weekly
Feed error: 403
append_entries: 0
error when rendering xml, skip docs/Bilibili每周必看
------------------------------------------------------
Started: 2024-06-12 22:11:58.834105
Existing_entries: 393
Fetching from https://rsshub.app/bilibili/weekly
Feed error: 403
append_entries: 0
error when rendering xml, skip docs/Bilibili每周必看
------------------------------------------------------
Started: 2024-06-13 00:54:55.525084
Existing_entries: 393
Fetching from https://rsshub.app/bilibili/weekly
Feed error: 403
append_entries: 0
error when rendering xml, skip docs/Bilibili每周必看
------------------------------------------------------
Started: 2024-06-13 02:28:49.102049
Existing_entries: 393
Fetching from https://rsshub.app/bilibili/weekly
Feed error: 403
append_entries: 0
error when rendering xml, skip docs/Bilibili每周必看
------------------------------------------------------
Started: 2024-06-13 04:14:44.838575
Existing_entries: 393
Fetching from https://rsshub.app/bilibili/weekly
Feed error: 403
append_entries: 0
error when rendering xml, skip docs/Bilibili每周必看
------------------------------------------------------
Started: 2024-06-13 06:16:42.804579
Existing_entries: 393
Fetching from https://rsshub.app/bilibili/weekly
Feed error: 403
append_entries: 0
error when rendering xml, skip docs/Bilibili每周必看
------------------------------------------------------
Started: 2024-06-13 08:15:25.574178
Existing_entries: 393
Fetching from https://rsshub.app/bilibili/weekly
Feed error: 403
append_entries: 0
error when rendering xml, skip docs/Bilibili每周必看
------------------------------------------------------
Started: 2024-06-13 10:12:34.142420
Existing_entries: 393
Fetching from https://rsshub.app/bilibili/weekly
Feed error: 403
append_entries: 0
error when rendering xml, skip docs/Bilibili每周必看
------------------------------------------------------
Started: 2024-06-13 12:22:39.542156
Existing_entries: 393
Fetching from https://rsshub.app/bilibili/weekly
Feed error: 403
append_entries: 0
error when rendering xml, skip docs/Bilibili每周必看
------------------------------------------------------
Started: 2024-06-13 14:12:29.261587
Existing_entries: 393
Fetching from https://rsshub.app/bilibili/weekly
Feed error: 403
append_entries: 0
error when rendering xml, skip docs/Bilibili每周必看
------------------------------------------------------
Started: 2024-06-13 16:16:17.733151
Existing_entries: 393
Fetching from https://rsshub.app/bilibili/weekly
Feed error: 403
append_entries: 0
error when rendering xml, skip docs/Bilibili每周必看
------------------------------------------------------
Started: 2024-06-13 18:16:34.240648
Existing_entries: 393
Fetching from https://rsshub.app/bilibili/weekly
Feed error: 403
append_entries: 0
error when rendering xml, skip docs/Bilibili每周必看
------------------------------------------------------
Started: 2024-06-13 20:12:38.163134
Existing_entries: 393
Fetching from https://rsshub.app/bilibili/weekly
Feed error: 403
append_entries: 0
error when rendering xml, skip docs/Bilibili每周必看
------------------------------------------------------
Started: 2024-06-13 22:11:54.153414
Existing_entries: 393
Fetching from https://rsshub.app/bilibili/weekly
Feed error: 403
append_entries: 0
error when rendering xml, skip docs/Bilibili每周必看
------------------------------------------------------
Started: 2024-06-14 00:55:03.313201
Existing_entries: 393
Fetching from https://rsshub.app/bilibili/weekly
Feed error: 403
append_entries: 0
error when rendering xml, skip docs/Bilibili每周必看
------------------------------------------------------
Started: 2024-06-14 02:29:42.948561
Existing_entries: 393
Fetching from https://rsshub.app/bilibili/weekly
Feed error: 403
append_entries: 0
error when rendering xml, skip docs/Bilibili每周必看
------------------------------------------------------
Started: 2024-06-14 04:14:45.516202
Existing_entries: 393
Fetching from https://rsshub.app/bilibili/weekly
Feed error: 403
append_entries: 0
error when rendering xml, skip docs/Bilibili每周必看
------------------------------------------------------
Started: 2024-06-14 06:17:24.955968
Existing_entries: 393
Fetching from https://rsshub.app/bilibili/weekly
Feed error: 403
append_entries: 0
error when rendering xml, skip docs/Bilibili每周必看
------------------------------------------------------
Started: 2024-06-14 08:14:55.524526
Existing_entries: 393
Fetching from https://rsshub.app/bilibili/weekly
Feed error: 403
append_entries: 0
error when rendering xml, skip docs/Bilibili每周必看
------------------------------------------------------
Started: 2024-06-14 10:12:28.688492
Existing_entries: 393
Fetching from https://rsshub.app/bilibili/weekly
Feed error: 403
append_entries: 0
error when rendering xml, skip docs/Bilibili每周必看
------------------------------------------------------
Started: 2024-06-14 12:22:16.582129
Existing_entries: 393
Fetching from https://rsshub.app/bilibili/weekly
Feed error: 403
append_entries: 0
error when rendering xml, skip docs/Bilibili每周必看
------------------------------------------------------
Started: 2024-06-14 14:12:53.614901
Existing_entries: 393
Fetching from https://rsshub.app/bilibili/weekly
Feed error: 403
append_entries: 0
error when rendering xml, skip docs/Bilibili每周必看
------------------------------------------------------
Started: 2024-06-14 16:14:12.420683
Existing_entries: 393
Fetching from https://rsshub.app/bilibili/weekly
Feed error: 403
append_entries: 0
error when rendering xml, skip docs/Bilibili每周必看
------------------------------------------------------
Started: 2024-06-14 18:16:38.975425
Existing_entries: 393
Fetching from https://rsshub.app/bilibili/weekly
Feed error: 403
append_entries: 0
error when rendering xml, skip docs/Bilibili每周必看
------------------------------------------------------
Started: 2024-06-14 20:12:38.247487
Existing_entries: 393
Fetching from https://rsshub.app/bilibili/weekly
Feed error: 403
append_entries: 0
error when rendering xml, skip docs/Bilibili每周必看
------------------------------------------------------
Started: 2024-06-14 22:12:22.813384
Existing_entries: 393
Fetching from https://rsshub.app/bilibili/weekly
Feed error: 403
append_entries: 0
error when rendering xml, skip docs/Bilibili每周必看
------------------------------------------------------
Started: 2024-06-15 00:55:06.543428
Existing_entries: 393
Fetching from https://rsshub.app/bilibili/weekly
Feed error: 403
append_entries: 0
error when rendering xml, skip docs/Bilibili每周必看
------------------------------------------------------
Started: 2024-06-15 02:28:06.220341
Existing_entries: 393
Fetching from https://rsshub.app/bilibili/weekly
Feed error: 403
append_entries: 0
error when rendering xml, skip docs/Bilibili每周必看
------------------------------------------------------
Started: 2024-06-15 04:15:26.914548
Existing_entries: 393
Fetching from https://rsshub.app/bilibili/weekly
Feed error: 403
append_entries: 0
error when rendering xml, skip docs/Bilibili每周必看
------------------------------------------------------
Started: 2024-06-15 06:15:15.493307
Existing_entries: 393
Fetching from https://rsshub.app/bilibili/weekly
Feed error: 403
append_entries: 0
error when rendering xml, skip docs/Bilibili每周必看
------------------------------------------------------
Started: 2024-06-15 08:14:57.862320
Existing_entries: 393
Fetching from https://rsshub.app/bilibili/weekly
Feed error: 403
append_entries: 0
error when rendering xml, skip docs/Bilibili每周必看
------------------------------------------------------
Started: 2024-06-15 10:13:17.390153
Existing_entries: 393
Fetching from https://rsshub.app/bilibili/weekly
Feed error: 403
append_entries: 0
error when rendering xml, skip docs/Bilibili每周必看
------------------------------------------------------
Started: 2024-06-15 12:21:13.091859
Existing_entries: 393
Fetching from https://rsshub.app/bilibili/weekly
Feed error: 403
append_entries: 0
error when rendering xml, skip docs/Bilibili每周必看
------------------------------------------------------
Started: 2024-06-15 14:11:09.292222
Existing_entries: 393
Fetching from https://rsshub.app/bilibili/weekly
Feed error: 403
append_entries: 0
error when rendering xml, skip docs/Bilibili每周必看
------------------------------------------------------
Started: 2024-06-15 16:15:33.810218
Existing_entries: 393
Fetching from https://rsshub.app/bilibili/weekly
Feed error: 403
append_entries: 0
error when rendering xml, skip docs/Bilibili每周必看
------------------------------------------------------
Started: 2024-06-15 18:15:42.120285
Existing_entries: 393
Fetching from https://rsshub.app/bilibili/weekly
Feed error: 403
append_entries: 0
error when rendering xml, skip docs/Bilibili每周必看
------------------------------------------------------
Started: 2024-06-15 20:12:43.134176
Existing_entries: 393
Fetching from https://rsshub.app/bilibili/weekly
Feed error: 403
append_entries: 0
error when rendering xml, skip docs/Bilibili每周必看
------------------------------------------------------
Started: 2024-06-15 22:11:30.266818
Existing_entries: 393
Fetching from https://rsshub.app/bilibili/weekly
Feed error: 403
append_entries: 0
error when rendering xml, skip docs/Bilibili每周必看
------------------------------------------------------
Started: 2024-06-16 00:59:33.978115
Existing_entries: 393
Fetching from https://rsshub.app/bilibili/weekly
Feed error: 403
append_entries: 0
error when rendering xml, skip docs/Bilibili每周必看
------------------------------------------------------
Started: 2024-06-16 02:31:33.072841
Existing_entries: 393
Fetching from https://rsshub.app/bilibili/weekly
Feed error: 403
append_entries: 0
error when rendering xml, skip docs/Bilibili每周必看
------------------------------------------------------
Started: 2024-06-16 04:14:03.808117
Existing_entries: 393
Fetching from https://rsshub.app/bilibili/weekly
Feed error: 403
append_entries: 0
error when rendering xml, skip docs/Bilibili每周必看
------------------------------------------------------
Started: 2024-06-16 06:16:26.724125
Existing_entries: 393
Fetching from https://rsshub.app/bilibili/weekly
Feed error: 403
append_entries: 0
error when rendering xml, skip docs/Bilibili每周必看
------------------------------------------------------
Started: 2024-06-16 08:13:56.986967
Existing_entries: 393
Fetching from https://rsshub.app/bilibili/weekly
Feed error: 403
append_entries: 0
error when rendering xml, skip docs/Bilibili每周必看
------------------------------------------------------
Started: 2024-06-16 10:12:50.002020
Existing_entries: 393
Fetching from https://rsshub.app/bilibili/weekly
Feed error: 403
append_entries: 0
error when rendering xml, skip docs/Bilibili每周必看
------------------------------------------------------
Started: 2024-06-16 12:21:00.768532
Existing_entries: 393
Fetching from https://rsshub.app/bilibili/weekly
Feed error: 403
append_entries: 0
error when rendering xml, skip docs/Bilibili每周必看
------------------------------------------------------
Started: 2024-06-16 14:10:34.404373
Existing_entries: 393
Fetching from https://rsshub.app/bilibili/weekly
Feed error: 403
append_entries: 0
error when rendering xml, skip docs/Bilibili每周必看
------------------------------------------------------
Started: 2024-06-16 16:13:36.349722
Existing_entries: 393
Fetching from https://rsshub.app/bilibili/weekly
Feed error: 403
append_entries: 0
error when rendering xml, skip docs/Bilibili每周必看
------------------------------------------------------
Started: 2024-06-16 18:15:39.685255
Existing_entries: 393
Fetching from https://rsshub.app/bilibili/weekly
Feed error: 403
append_entries: 0
error when rendering xml, skip docs/Bilibili每周必看
------------------------------------------------------
Started: 2024-06-16 20:12:17.517802
Existing_entries: 393
Fetching from https://rsshub.app/bilibili/weekly
Feed error: 403
append_entries: 0
error when rendering xml, skip docs/Bilibili每周必看
------------------------------------------------------
Started: 2024-06-16 22:12:42.648687
Existing_entries: 393
Fetching from https://rsshub.app/bilibili/weekly
Feed error: 403
append_entries: 0
error when rendering xml, skip docs/Bilibili每周必看
------------------------------------------------------
Started: 2024-06-17 00:57:15.452085
Existing_entries: 393
Fetching from https://rsshub.app/bilibili/weekly
Feed error: 403
append_entries: 0
error when rendering xml, skip docs/Bilibili每周必看
------------------------------------------------------
Started: 2024-06-17 02:32:00.840500
Existing_entries: 393
Fetching from https://rsshub.app/bilibili/weekly
Feed error: 403
append_entries: 0
error when rendering xml, skip docs/Bilibili每周必看
------------------------------------------------------
Started: 2024-06-17 04:15:53.531861
Existing_entries: 393
Fetching from https://rsshub.app/bilibili/weekly
Feed error: 403
append_entries: 0
error when rendering xml, skip docs/Bilibili每周必看
------------------------------------------------------
Started: 2024-06-17 06:17:58.205318
Existing_entries: 393
Fetching from https://rsshub.app/bilibili/weekly
Feed error: 403
append_entries: 0
error when rendering xml, skip docs/Bilibili每周必看
------------------------------------------------------
Started: 2024-06-17 08:16:13.514423
Existing_entries: 393
Fetching from https://rsshub.app/bilibili/weekly
Feed error: 403
append_entries: 0
error when rendering xml, skip docs/Bilibili每周必看
------------------------------------------------------
Started: 2024-06-17 10:14:16.545547
Existing_entries: 393
Fetching from https://rsshub.app/bilibili/weekly
Feed error: 403
append_entries: 0
error when rendering xml, skip docs/Bilibili每周必看
------------------------------------------------------
Started: 2024-06-17 12:22:52.688264
Existing_entries: 393
Fetching from https://rsshub.app/bilibili/weekly
Feed error: 403
append_entries: 0
error when rendering xml, skip docs/Bilibili每周必看
------------------------------------------------------
Started: 2024-06-17 14:12:16.541002
Existing_entries: 393
Fetching from https://rsshub.app/bilibili/weekly
Feed error: 403
append_entries: 0
error when rendering xml, skip docs/Bilibili每周必看
------------------------------------------------------
Started: 2024-06-17 16:15:30.611403
Existing_entries: 393
Fetching from https://rsshub.app/bilibili/weekly
Feed error: 403
append_entries: 0
error when rendering xml, skip docs/Bilibili每周必看
------------------------------------------------------
Started: 2024-06-17 18:16:02.677108
Existing_entries: 393
Fetching from https://rsshub.app/bilibili/weekly
Feed error: 403
append_entries: 0
error when rendering xml, skip docs/Bilibili每周必看
------------------------------------------------------
Started: 2024-06-17 20:11:05.140416
Existing_entries: 393
Fetching from https://rsshub.app/bilibili/weekly
Feed error: 403
append_entries: 0
error when rendering xml, skip docs/Bilibili每周必看
------------------------------------------------------
Started: 2024-06-17 22:11:19.422677
Existing_entries: 393
Fetching from https://rsshub.app/bilibili/weekly
Feed error: 403
append_entries: 0
error when rendering xml, skip docs/Bilibili每周必看
------------------------------------------------------
Started: 2024-06-18 00:55:47.414960
Existing_entries: 393
Fetching from https://rsshub.app/bilibili/weekly
Feed error: 403
append_entries: 0
error when rendering xml, skip docs/Bilibili每周必看
------------------------------------------------------
Started: 2024-06-18 02:29:24.389908
Existing_entries: 393
Fetching from https://rsshub.app/bilibili/weekly
Feed error: 403
append_entries: 0
error when rendering xml, skip docs/Bilibili每周必看
------------------------------------------------------
Started: 2024-06-18 04:14:22.545926
Existing_entries: 393
Fetching from https://rsshub.app/bilibili/weekly
Feed error: 403
append_entries: 0
error when rendering xml, skip docs/Bilibili每周必看
------------------------------------------------------
Started: 2024-06-18 06:17:05.669686
Existing_entries: 393
Fetching from https://rsshub.app/bilibili/weekly
Feed error: 403
append_entries: 0
error when rendering xml, skip docs/Bilibili每周必看
------------------------------------------------------
Started: 2024-06-18 08:16:34.491024
Existing_entries: 393
Fetching from https://rsshub.app/bilibili/weekly
Feed error: 403
append_entries: 0
error when rendering xml, skip docs/Bilibili每周必看
------------------------------------------------------
Started: 2024-06-18 10:12:59.037870
Existing_entries: 393
Fetching from https://rsshub.app/bilibili/weekly
Feed error: 403
append_entries: 0
error when rendering xml, skip docs/Bilibili每周必看
------------------------------------------------------
Started: 2024-06-18 12:22:48.326399
Existing_entries: 393
Fetching from https://rsshub.app/bilibili/weekly
Feed error: 403
append_entries: 0
error when rendering xml, skip docs/Bilibili每周必看
------------------------------------------------------
Started: 2024-06-18 14:11:29.868601
Existing_entries: 393
Fetching from https://rsshub.app/bilibili/weekly
Feed error: 403
append_entries: 0
error when rendering xml, skip docs/Bilibili每周必看
------------------------------------------------------
Started: 2024-06-18 16:15:34.904727
Existing_entries: 393
Fetching from https://rsshub.app/bilibili/weekly
Feed error: 403
append_entries: 0
error when rendering xml, skip docs/Bilibili每周必看
------------------------------------------------------
Started: 2024-06-18 18:16:32.568640
Existing_entries: 393
Fetching from https://rsshub.app/bilibili/weekly
Feed error: 403
append_entries: 0
error when rendering xml, skip docs/Bilibili每周必看
------------------------------------------------------
Started: 2024-06-18 20:13:21.343064
Existing_entries: 393
Fetching from https://rsshub.app/bilibili/weekly
Feed error: 403
append_entries: 0
error when rendering xml, skip docs/Bilibili每周必看
------------------------------------------------------
Started: 2024-06-18 22:11:11.892798
Existing_entries: 393
Fetching from https://rsshub.app/bilibili/weekly
Feed error: 403
append_entries: 0
error when rendering xml, skip docs/Bilibili每周必看
------------------------------------------------------
Started: 2024-06-19 00:55:46.511076
Existing_entries: 393
Fetching from https://rsshub.app/bilibili/weekly
Feed error: 403
append_entries: 0
error when rendering xml, skip docs/Bilibili每周必看
------------------------------------------------------
Started: 2024-06-19 02:29:58.839142
Existing_entries: 393
Fetching from https://rsshub.app/bilibili/weekly
Feed error: 403
append_entries: 0
error when rendering xml, skip docs/Bilibili每周必看
------------------------------------------------------
Started: 2024-06-19 04:14:49.711088
Existing_entries: 393
Fetching from https://rsshub.app/bilibili/weekly
Feed error: 403
append_entries: 0
error when rendering xml, skip docs/Bilibili每周必看
------------------------------------------------------
Started: 2024-06-19 06:17:10.109328
Existing_entries: 393
Fetching from https://rsshub.app/bilibili/weekly
Feed error: 403
append_entries: 0
error when rendering xml, skip docs/Bilibili每周必看
------------------------------------------------------
Started: 2024-06-19 08:15:27.301026
Existing_entries: 393
Fetching from https://rsshub.app/bilibili/weekly
Feed error: 403
append_entries: 0
error when rendering xml, skip docs/Bilibili每周必看
------------------------------------------------------
Started: 2024-06-19 10:13:44.479812
Existing_entries: 393
Fetching from https://rsshub.app/bilibili/weekly
Feed error: 403
append_entries: 0
error when rendering xml, skip docs/Bilibili每周必看
------------------------------------------------------
Started: 2024-06-19 12:22:55.611269
Existing_entries: 393
Fetching from https://rsshub.app/bilibili/weekly
Feed error: 403
append_entries: 0
error when rendering xml, skip docs/Bilibili每周必看
------------------------------------------------------
Started: 2024-06-19 14:11:03.790550
Existing_entries: 393
Fetching from https://rsshub.app/bilibili/weekly
Feed error: 403
append_entries: 0
error when rendering xml, skip docs/Bilibili每周必看
------------------------------------------------------
Started: 2024-06-19 16:14:56.394456
Existing_entries: 393
Fetching from https://rsshub.app/bilibili/weekly
Feed error: 403
append_entries: 0
error when rendering xml, skip docs/Bilibili每周必看
------------------------------------------------------
Started: 2024-06-19 18:15:33.743886
Existing_entries: 393
Fetching from https://rsshub.app/bilibili/weekly
Feed error: 403
append_entries: 0
error when rendering xml, skip docs/Bilibili每周必看
------------------------------------------------------
Started: 2024-06-19 20:12:12.826088
Existing_entries: 393
Fetching from https://rsshub.app/bilibili/weekly
Feed error: 403
append_entries: 0
error when rendering xml, skip docs/Bilibili每周必看
------------------------------------------------------
Started: 2024-06-19 22:11:59.035122
Existing_entries: 393
Fetching from https://rsshub.app/bilibili/weekly
Feed error: 403
append_entries: 0
error when rendering xml, skip docs/Bilibili每周必看
------------------------------------------------------
Started: 2024-06-20 00:54:04.980510
Existing_entries: 393
Fetching from https://rsshub.app/bilibili/weekly
Feed error: 403
append_entries: 0
error when rendering xml, skip docs/Bilibili每周必看
------------------------------------------------------
Started: 2024-06-20 02:28:16.421623
Existing_entries: 393
Fetching from https://rsshub.app/bilibili/weekly
Feed error: 403
append_entries: 0
error when rendering xml, skip docs/Bilibili每周必看
------------------------------------------------------
Started: 2024-06-20 04:13:56.568423
Existing_entries: 393
Fetching from https://rsshub.app/bilibili/weekly
Feed error: 403
append_entries: 0
error when rendering xml, skip docs/Bilibili每周必看
------------------------------------------------------
Started: 2024-06-20 06:16:47.674895
Existing_entries: 393
Fetching from https://rsshub.app/bilibili/weekly
Feed error: 403
append_entries: 0
error when rendering xml, skip docs/Bilibili每周必看
------------------------------------------------------
Started: 2024-06-20 08:16:12.845551
Existing_entries: 393
Fetching from https://rsshub.app/bilibili/weekly
Feed error: 403
append_entries: 0
error when rendering xml, skip docs/Bilibili每周必看
------------------------------------------------------
Started: 2024-06-20 10:12:55.349447
Existing_entries: 393
Fetching from https://rsshub.app/bilibili/weekly
Feed error: 403
append_entries: 0
error when rendering xml, skip docs/Bilibili每周必看
------------------------------------------------------
Started: 2024-06-20 12:22:21.276329
Existing_entries: 393
Fetching from https://rsshub.app/bilibili/weekly
Feed error: 403
append_entries: 0
error when rendering xml, skip docs/Bilibili每周必看
------------------------------------------------------
Started: 2024-06-20 14:10:58.539071
Existing_entries: 393
Fetching from https://rsshub.app/bilibili/weekly
Feed error: 403
append_entries: 0
error when rendering xml, skip docs/Bilibili每周必看
------------------------------------------------------
Started: 2024-06-20 16:15:46.793832
Existing_entries: 393
Fetching from https://rsshub.app/bilibili/weekly
Feed error: 403
append_entries: 0
error when rendering xml, skip docs/Bilibili每周必看
------------------------------------------------------
Started: 2024-06-20 18:16:57.673358
Existing_entries: 393
Fetching from https://rsshub.app/bilibili/weekly
Feed error: 403
append_entries: 0
error when rendering xml, skip docs/Bilibili每周必看
------------------------------------------------------
Started: 2024-06-20 20:12:48.662157
Existing_entries: 393
Fetching from https://rsshub.app/bilibili/weekly
Feed error: 403
append_entries: 0
error when rendering xml, skip docs/Bilibili每周必看
------------------------------------------------------
Started: 2024-06-20 22:11:10.123670
Existing_entries: 393
Fetching from https://rsshub.app/bilibili/weekly
Feed error: 403
append_entries: 0
error when rendering xml, skip docs/Bilibili每周必看
------------------------------------------------------
Started: 2024-06-21 00:54:38.222054
Existing_entries: 393
Fetching from https://rsshub.app/bilibili/weekly
Feed error: 403
append_entries: 0
error when rendering xml, skip docs/Bilibili每周必看
------------------------------------------------------
Started: 2024-06-21 02:28:42.514525
Existing_entries: 393
Fetching from https://rsshub.app/bilibili/weekly
Feed error: 403
append_entries: 0
error when rendering xml, skip docs/Bilibili每周必看
------------------------------------------------------
Started: 2024-06-21 04:14:53.777412
Existing_entries: 393
Fetching from https://rsshub.app/bilibili/weekly
Feed error: 403
append_entries: 0
error when rendering xml, skip docs/Bilibili每周必看
------------------------------------------------------
Started: 2024-06-21 06:17:21.409542
Existing_entries: 393
Fetching from https://rsshub.app/bilibili/weekly
Feed error: 403
append_entries: 0
error when rendering xml, skip docs/Bilibili每周必看
------------------------------------------------------
Started: 2024-06-21 08:15:36.214370
Existing_entries: 393
Fetching from https://rsshub.app/bilibili/weekly
Feed error: 403
append_entries: 0
error when rendering xml, skip docs/Bilibili每周必看
------------------------------------------------------
Started: 2024-06-21 10:13:05.866012
Existing_entries: 393
Fetching from https://rsshub.app/bilibili/weekly
Feed error: 403
append_entries: 0
error when rendering xml, skip docs/Bilibili每周必看
------------------------------------------------------
Started: 2024-06-21 12:21:53.614109
Existing_entries: 393
Fetching from https://rsshub.app/bilibili/weekly
Feed error: 403
append_entries: 0
error when rendering xml, skip docs/Bilibili每周必看
------------------------------------------------------
Started: 2024-06-21 14:11:28.483802
Existing_entries: 393
Fetching from https://rsshub.app/bilibili/weekly
Feed error: 403
append_entries: 0
error when rendering xml, skip docs/Bilibili每周必看
------------------------------------------------------
Started: 2024-06-21 16:14:07.864664
Existing_entries: 393
Fetching from https://rsshub.app/bilibili/weekly
Feed error: 403
append_entries: 0
error when rendering xml, skip docs/Bilibili每周必看
------------------------------------------------------
Started: 2024-06-21 18:16:34.101308
Existing_entries: 393
Fetching from https://rsshub.app/bilibili/weekly
Feed error: 403
append_entries: 0
error when rendering xml, skip docs/Bilibili每周必看
------------------------------------------------------
Started: 2024-06-21 20:13:37.366289
Existing_entries: 393
Fetching from https://rsshub.app/bilibili/weekly
Feed error: 403
append_entries: 0
error when rendering xml, skip docs/Bilibili每周必看
------------------------------------------------------
Started: 2024-06-21 22:11:36.524304
Existing_entries: 393
Fetching from https://rsshub.app/bilibili/weekly
Feed error: 403
append_entries: 0
error when rendering xml, skip docs/Bilibili每周必看
------------------------------------------------------
Started: 2024-06-22 00:54:22.407702
Existing_entries: 393
Fetching from https://rsshub.app/bilibili/weekly
Feed error: 403
append_entries: 0
error when rendering xml, skip docs/Bilibili每周必看
------------------------------------------------------
Started: 2024-06-22 02:26:42.209676
Existing_entries: 393
Fetching from https://rsshub.app/bilibili/weekly
Feed error: 403
append_entries: 0
error when rendering xml, skip docs/Bilibili每周必看
------------------------------------------------------
Started: 2024-06-22 04:13:56.872177
Existing_entries: 393
Fetching from https://rsshub.app/bilibili/weekly
Feed error: 403
append_entries: 0
error when rendering xml, skip docs/Bilibili每周必看
------------------------------------------------------
Started: 2024-06-22 06:16:23.403268
Existing_entries: 393
Fetching from https://rsshub.app/bilibili/weekly
Feed error: 403
append_entries: 0
error when rendering xml, skip docs/Bilibili每周必看
------------------------------------------------------
Started: 2024-06-22 08:14:48.529320
Existing_entries: 393
Fetching from https://rsshub.app/bilibili/weekly
Feed error: 403
append_entries: 0
error when rendering xml, skip docs/Bilibili每周必看
------------------------------------------------------
Started: 2024-06-22 10:12:58.398999
Existing_entries: 393
Fetching from https://rsshub.app/bilibili/weekly
Feed error: 403
append_entries: 0
error when rendering xml, skip docs/Bilibili每周必看
------------------------------------------------------
Started: 2024-06-22 12:20:31.439363
Existing_entries: 393
Fetching from https://rsshub.app/bilibili/weekly
Feed error: 403
append_entries: 0
error when rendering xml, skip docs/Bilibili每周必看
------------------------------------------------------
Started: 2024-06-22 14:12:09.467907
Existing_entries: 393
Fetching from https://rsshub.app/bilibili/weekly
Feed error: 403
append_entries: 0
error when rendering xml, skip docs/Bilibili每周必看
------------------------------------------------------
Started: 2024-06-22 16:14:36.284633
Existing_entries: 393
Fetching from https://rsshub.app/bilibili/weekly
Feed error: 403
append_entries: 0
error when rendering xml, skip docs/Bilibili每周必看
------------------------------------------------------
Started: 2024-06-22 18:14:44.933615
Existing_entries: 393
Fetching from https://rsshub.app/bilibili/weekly
Feed error: 403
append_entries: 0
error when rendering xml, skip docs/Bilibili每周必看
------------------------------------------------------
Started: 2024-06-22 20:11:21.187477
Existing_entries: 393
Fetching from https://rsshub.app/bilibili/weekly
Feed error: 403
append_entries: 0
error when rendering xml, skip docs/Bilibili每周必看
------------------------------------------------------
Started: 2024-06-22 22:11:09.441213
Existing_entries: 393
Fetching from https://rsshub.app/bilibili/weekly
Feed error: 403
append_entries: 0
error when rendering xml, skip docs/Bilibili每周必看
------------------------------------------------------
Started: 2024-06-23 00:58:50.080315
Existing_entries: 393
Fetching from https://rsshub.app/bilibili/weekly
Feed error: 403
append_entries: 0
error when rendering xml, skip docs/Bilibili每周必看
------------------------------------------------------
Started: 2024-06-23 02:30:07.725349
Existing_entries: 393
Fetching from https://rsshub.app/bilibili/weekly
Feed error: 403
append_entries: 0
error when rendering xml, skip docs/Bilibili每周必看
------------------------------------------------------
Started: 2024-06-23 04:13:59.590661
Existing_entries: 393
Fetching from https://rsshub.app/bilibili/weekly
Feed error: 403
append_entries: 0
error when rendering xml, skip docs/Bilibili每周必看
------------------------------------------------------
Started: 2024-06-23 06:16:30.110074
Existing_entries: 393
Fetching from https://rsshub.app/bilibili/weekly
Feed error: 403
append_entries: 0
error when rendering xml, skip docs/Bilibili每周必看
------------------------------------------------------
Started: 2024-06-23 08:13:40.837979
Existing_entries: 393
Fetching from https://rsshub.app/bilibili/weekly
Feed error: 403
append_entries: 0
error when rendering xml, skip docs/Bilibili每周必看
------------------------------------------------------
Started: 2024-06-23 10:12:42.699170
Existing_entries: 393
Fetching from https://rsshub.app/bilibili/weekly
Feed error: 403
append_entries: 0
error when rendering xml, skip docs/Bilibili每周必看
------------------------------------------------------
Started: 2024-06-23 12:21:03.095254
Existing_entries: 393
Fetching from https://rsshub.app/bilibili/weekly
Feed error: 403
append_entries: 0
error when rendering xml, skip docs/Bilibili每周必看
------------------------------------------------------
Started: 2024-06-23 14:10:41.130093
Existing_entries: 393
Fetching from https://rsshub.app/bilibili/weekly
Feed error: 403
append_entries: 0
error when rendering xml, skip docs/Bilibili每周必看
------------------------------------------------------
Started: 2024-06-23 16:13:25.756422
Existing_entries: 393
Fetching from https://rsshub.app/bilibili/weekly
Feed error: 403
append_entries: 0
error when rendering xml, skip docs/Bilibili每周必看
------------------------------------------------------
Started: 2024-06-23 18:14:47.830513
Existing_entries: 393
Fetching from https://rsshub.app/bilibili/weekly
Feed error: 403
append_entries: 0
error when rendering xml, skip docs/Bilibili每周必看
------------------------------------------------------
Started: 2024-06-23 20:12:35.519084
Existing_entries: 393
Fetching from https://rsshub.app/bilibili/weekly
Feed error: 403
append_entries: 0
error when rendering xml, skip docs/Bilibili每周必看
------------------------------------------------------
Started: 2024-06-23 22:10:41.623659
Existing_entries: 393
Fetching from https://rsshub.app/bilibili/weekly
Feed error: 403
append_entries: 0
error when rendering xml, skip docs/Bilibili每周必看
------------------------------------------------------
Started: 2024-06-24 00:56:45.621086
Existing_entries: 393
Fetching from https://rsshub.app/bilibili/weekly
Feed error: 403
append_entries: 0
error when rendering xml, skip docs/Bilibili每周必看
------------------------------------------------------
Started: 2024-06-24 02:30:27.789779
Existing_entries: 393
Fetching from https://rsshub.app/bilibili/weekly
Feed error: 403
append_entries: 0
error when rendering xml, skip docs/Bilibili每周必看
------------------------------------------------------
Started: 2024-06-24 04:14:44.659897
Existing_entries: 393
Fetching from https://rsshub.app/bilibili/weekly
Feed error: 403
append_entries: 0
error when rendering xml, skip docs/Bilibili每周必看
------------------------------------------------------
Started: 2024-06-24 06:17:08.594981
Existing_entries: 393
Fetching from https://rsshub.app/bilibili/weekly
Feed error: 403
append_entries: 0
error when rendering xml, skip docs/Bilibili每周必看
------------------------------------------------------
Started: 2024-06-24 08:15:54.806488
Existing_entries: 393
Fetching from https://rsshub.app/bilibili/weekly
Feed error: 403
append_entries: 0
error when rendering xml, skip docs/Bilibili每周必看
------------------------------------------------------
Started: 2024-06-24 10:13:49.621419
Existing_entries: 393
Fetching from https://rsshub.app/bilibili/weekly
Feed error: 403
append_entries: 0
error when rendering xml, skip docs/Bilibili每周必看
------------------------------------------------------
Started: 2024-06-24 12:23:09.314033
Existing_entries: 393
Fetching from https://rsshub.app/bilibili/weekly
Feed error: 403
append_entries: 0
error when rendering xml, skip docs/Bilibili每周必看
------------------------------------------------------
Started: 2024-06-24 14:11:55.141292
Existing_entries: 393
Fetching from https://rsshub.app/bilibili/weekly
Feed error: 403
append_entries: 0
error when rendering xml, skip docs/Bilibili每周必看
------------------------------------------------------
Started: 2024-06-25 01:11:10.437465
Existing_entries: 393
Fetching from https://rsshub.app/bilibili/weekly
Feed error: 403
append_entries: 0
error when rendering xml, skip docs/Bilibili每周必看
------------------------------------------------------
Started: 2024-06-26 01:11:18.416152
Existing_entries: 393
Fetching from https://rsshub.app/bilibili/weekly
Feed error: 403
append_entries: 0
error when rendering xml, skip docs/Bilibili每周必看
------------------------------------------------------
Started: 2024-06-27 01:11:25.431163
Existing_entries: 393
Fetching from https://rsshub.app/bilibili/weekly
Feed error: 403
append_entries: 0
error when rendering xml, skip docs/Bilibili每周必看
------------------------------------------------------
Started: 2024-06-28 01:11:24.503732
Existing_entries: 393
Fetching from https://rsshub.app/bilibili/weekly
Feed error: 403
append_entries: 0
error when rendering xml, skip docs/Bilibili每周必看
------------------------------------------------------
Started: 2024-06-29 01:10:11.688532
Existing_entries: 393
Fetching from https://rsshub.app/bilibili/weekly
Feed error: 403
append_entries: 0
error when rendering xml, skip docs/Bilibili每周必看
------------------------------------------------------
Started: 2024-06-30 01:17:15.446865
Existing_entries: 393
Fetching from https://rsshub.app/bilibili/weekly
Feed error: 403
append_entries: 0
error when rendering xml, skip docs/Bilibili每周必看
------------------------------------------------------
Started: 2024-07-01 01:19:15.842507
Existing_entries: 393
Fetching from https://rsshub.app/bilibili/weekly
Feed error: 403
append_entries: 0
error when rendering xml, skip docs/Bilibili每周必看
------------------------------------------------------
Started: 2024-07-02 01:11:57.290388
Existing_entries: 393
Fetching from https://rsshub.app/bilibili/weekly
Feed error: 403
append_entries: 0
error when rendering xml, skip docs/Bilibili每周必看
------------------------------------------------------
Started: 2024-07-03 01:11:44.776227
Existing_entries: 393
Fetching from https://rsshub.app/bilibili/weekly
Feed error: 403
append_entries: 0
error when rendering xml, skip docs/Bilibili每周必看
------------------------------------------------------
Started: 2024-07-04 01:12:00.567697
Existing_entries: 393
Fetching from https://rsshub.app/bilibili/weekly
Feed error: 403
append_entries: 0
error when rendering xml, skip docs/Bilibili每周必看
------------------------------------------------------
Started: 2024-07-05 01:11:52.920668
Existing_entries: 393
Fetching from https://rsshub.app/bilibili/weekly
Feed error: 403
append_entries: 0
error when rendering xml, skip docs/Bilibili每周必看
------------------------------------------------------
Started: 2024-07-06 01:10:09.729338
Existing_entries: 393
Fetching from https://rsshub.app/bilibili/weekly
Feed error: 403
append_entries: 0
error when rendering xml, skip docs/Bilibili每周必看
------------------------------------------------------
Started: 2024-07-07 01:17:57.545921
Existing_entries: 393
Fetching from https://rsshub.app/bilibili/weekly
Feed error: 403
append_entries: 0
error when rendering xml, skip docs/Bilibili每周必看
------------------------------------------------------
Started: 2024-07-08 01:14:01.549211
Existing_entries: 393
Fetching from https://rsshub.app/bilibili/weekly
Feed error: 403
append_entries: 0
error when rendering xml, skip docs/Bilibili每周必看
------------------------------------------------------
Started: 2024-07-09 01:12:56.985944
Existing_entries: 393
Fetching from https://rsshub.app/bilibili/weekly
Feed error: 403
append_entries: 0
error when rendering xml, skip docs/Bilibili每周必看
------------------------------------------------------
Started: 2024-07-10 01:13:18.348586
Existing_entries: 393
Fetching from https://rsshub.app/bilibili/weekly
Feed error: 403
append_entries: 0
error when rendering xml, skip docs/Bilibili每周必看
------------------------------------------------------
Started: 2024-07-11 01:13:36.223645
Existing_entries: 393
Fetching from https://rsshub.app/bilibili/weekly
Feed error: 403
append_entries: 0
error when rendering xml, skip docs/Bilibili每周必看
------------------------------------------------------
Started: 2024-07-12 01:12:09.148694
Existing_entries: 393
Fetching from https://rsshub.app/bilibili/weekly
Feed error: 403
append_entries: 0
error when rendering xml, skip docs/Bilibili每周必看
------------------------------------------------------
Started: 2024-07-13 01:13:19.082096
Existing_entries: 393
Fetching from https://rsshub.app/bilibili/weekly
Feed error: 403
append_entries: 0
error when rendering xml, skip docs/Bilibili每周必看
------------------------------------------------------
Started: 2024-07-14 01:18:52.598798
Existing_entries: 393
Fetching from https://rsshub.app/bilibili/weekly
Feed error: 403
append_entries: 0
error when rendering xml, skip docs/Bilibili每周必看
------------------------------------------------------
Started: 2024-07-15 01:15:15.627902
Existing_entries: 393
Fetching from https://rsshub.app/bilibili/weekly
Feed error: 403
append_entries: 0
error when rendering xml, skip docs/Bilibili每周必看
------------------------------------------------------
Started: 2024-07-16 01:14:47.980956
Existing_entries: 393
Fetching from https://rsshub.app/bilibili/weekly
Feed error: 403
append_entries: 0
error when rendering xml, skip docs/Bilibili每周必看
------------------------------------------------------
Started: 2024-07-17 01:13:43.829957
Existing_entries: 393
Fetching from https://rsshub.app/bilibili/weekly
Feed error: 403
append_entries: 0
error when rendering xml, skip docs/Bilibili每周必看
------------------------------------------------------
Started: 2024-07-18 01:12:25.751715
Existing_entries: 393
Fetching from https://rsshub.app/bilibili/weekly
Feed error: 403
append_entries: 0
error when rendering xml, skip docs/Bilibili每周必看
------------------------------------------------------
Started: 2024-07-19 06:24:57.856981
Existing_entries: 393
Fetching from https://rsshub.app/bilibili/weekly
Feed error: 403
append_entries: 0
error when rendering xml, skip docs/Bilibili每周必看
------------------------------------------------------
Started: 2024-07-20 01:12:03.543292
Existing_entries: 393
Fetching from https://rsshub.app/bilibili/weekly
Feed error: 403
append_entries: 0
error when rendering xml, skip docs/Bilibili每周必看
------------------------------------------------------
Started: 2024-07-21 01:18:43.354483
Existing_entries: 393
Fetching from https://rsshub.app/bilibili/weekly
Feed error: 403
append_entries: 0
error when rendering xml, skip docs/Bilibili每周必看
------------------------------------------------------
Started: 2024-07-22 01:15:48.457899
Existing_entries: 393
Fetching from https://rsshub.app/bilibili/weekly
Feed error: 403
append_entries: 0
error when rendering xml, skip docs/Bilibili每周必看
------------------------------------------------------
Started: 2024-07-23 01:13:52.057716
Existing_entries: 393
Fetching from https://rsshub.app/bilibili/weekly
Feed error: 403
append_entries: 0
error when rendering xml, skip docs/Bilibili每周必看
------------------------------------------------------
Started: 2024-07-24 01:14:16.416183
Existing_entries: 393
Fetching from https://rsshub.app/bilibili/weekly
Feed error: 403
append_entries: 0
error when rendering xml, skip docs/Bilibili每周必看
------------------------------------------------------
Started: 2024-07-25 01:13:41.257459
Existing_entries: 393
Fetching from https://rsshub.app/bilibili/weekly
Feed error: 403
append_entries: 0
error when rendering xml, skip docs/Bilibili每周必看
------------------------------------------------------
Started: 2024-07-26 01:12:58.760137
Existing_entries: 393
Fetching from https://rsshub.app/bilibili/weekly
Feed error: 403
append_entries: 0
error when rendering xml, skip docs/Bilibili每周必看
------------------------------------------------------
Started: 2024-07-27 01:12:38.831488
Existing_entries: 393
Fetching from https://rsshub.app/bilibili/weekly
Feed error: 403
append_entries: 0
error when rendering xml, skip docs/Bilibili每周必看
------------------------------------------------------
Started: 2024-07-28 01:19:16.255771
Existing_entries: 393
Fetching from https://rsshub.app/bilibili/weekly
Feed error: 403
append_entries: 0
error when rendering xml, skip docs/Bilibili每周必看
------------------------------------------------------
Started: 2024-07-29 01:15:39.796300
Existing_entries: 393
Fetching from https://rsshub.app/bilibili/weekly
Feed error: 403
append_entries: 0
error when rendering xml, skip docs/Bilibili每周必看
------------------------------------------------------
Started: 2024-07-30 01:14:00.891867
Existing_entries: 393
Fetching from https://rsshub.app/bilibili/weekly
Feed error: 403
append_entries: 0
error when rendering xml, skip docs/Bilibili每周必看
------------------------------------------------------
Started: 2024-07-31 01:01:40.874935
Existing_entries: 393
Fetching from https://rsshub.app/bilibili/weekly
Feed error: 403
append_entries: 0
error when rendering xml, skip docs/Bilibili每周必看
------------------------------------------------------
Started: 2024-08-01 01:20:13.820631
Existing_entries: 393
Fetching from https://rsshub.app/bilibili/weekly
Feed error: 403
append_entries: 0
error when rendering xml, skip docs/Bilibili每周必看
------------------------------------------------------
Started: 2024-08-02 01:13:41.056548
Existing_entries: 393
Fetching from https://rsshub.app/bilibili/weekly
Feed error: 403
append_entries: 0
error when rendering xml, skip docs/Bilibili每周必看
------------------------------------------------------
Started: 2024-08-03 01:12:53.519336
Existing_entries: 393
Fetching from https://rsshub.app/bilibili/weekly
Feed error: 403
append_entries: 0
error when rendering xml, skip docs/Bilibili每周必看
------------------------------------------------------
Started: 2024-08-04 01:19:29.149307
Existing_entries: 393
Fetching from https://rsshub.app/bilibili/weekly
Feed error: 403
append_entries: 0
error when rendering xml, skip docs/Bilibili每周必看
------------------------------------------------------
Started: 2024-08-05 01:15:51.672316
Existing_entries: 393
Fetching from https://rsshub.app/bilibili/weekly
Feed error: 403
append_entries: 0
error when rendering xml, skip docs/Bilibili每周必看
------------------------------------------------------
Started: 2024-08-06 01:14:12.078379
Existing_entries: 393
Fetching from https://rsshub.app/bilibili/weekly
Feed error: 403
append_entries: 0
error when rendering xml, skip docs/Bilibili每周必看
------------------------------------------------------
Started: 2024-08-07 01:14:59.867728
Existing_entries: 393
Fetching from https://rsshub.app/bilibili/weekly
Feed error: 403
append_entries: 0
error when rendering xml, skip docs/Bilibili每周必看
------------------------------------------------------
Started: 2024-08-08 01:14:50.175704
Existing_entries: 393
Fetching from https://rsshub.app/bilibili/weekly
Feed error: 403
append_entries: 0
error when rendering xml, skip docs/Bilibili每周必看
------------------------------------------------------
Started: 2024-08-09 01:15:48.807401
Existing_entries: 393
Fetching from https://rsshub.app/bilibili/weekly
Feed error: 403
append_entries: 0
error when rendering xml, skip docs/Bilibili每周必看
------------------------------------------------------
Started: 2024-08-10 01:15:17.030257
Existing_entries: 393
Fetching from https://rsshub.app/bilibili/weekly
Feed error: 403
append_entries: 0
error when rendering xml, skip docs/Bilibili每周必看
------------------------------------------------------
Started: 2024-08-11 01:20:43.063184
Existing_entries: 393
Fetching from https://rsshub.app/bilibili/weekly
Feed error: 403
append_entries: 0
error when rendering xml, skip docs/Bilibili每周必看
------------------------------------------------------
Started: 2024-08-12 01:16:55.287217
Existing_entries: 393
Fetching from https://rsshub.app/bilibili/weekly
Feed error: 403
append_entries: 0
error when rendering xml, skip docs/Bilibili每周必看
------------------------------------------------------
Started: 2024-08-13 01:16:36.563872
Existing_entries: 393
Fetching from https://rsshub.app/bilibili/weekly
Feed error: 403
append_entries: 0
error when rendering xml, skip docs/Bilibili每周必看
------------------------------------------------------
Started: 2024-08-14 01:15:23.396452
Existing_entries: 393
Fetching from https://rsshub.app/bilibili/weekly
Feed error: 403
append_entries: 0
error when rendering xml, skip docs/Bilibili每周必看
------------------------------------------------------
Started: 2024-08-15 01:11:47.586120
Existing_entries: 393
Fetching from https://rsshub.app/bilibili/weekly
Feed error: 403
append_entries: 0
error when rendering xml, skip docs/Bilibili每周必看
------------------------------------------------------
Started: 2024-08-16 01:14:45.614348
Existing_entries: 393
Fetching from https://rsshub.app/bilibili/weekly
Feed error: 403
append_entries: 0
error when rendering xml, skip docs/Bilibili每周必看
------------------------------------------------------
Started: 2024-08-17 01:12:40.205558
Existing_entries: 393
Fetching from https://rsshub.app/bilibili/weekly
Feed error: 403
append_entries: 0
error when rendering xml, skip docs/Bilibili每周必看
------------------------------------------------------
Started: 2024-08-18 01:19:28.226153
Existing_entries: 393
Fetching from https://rsshub.app/bilibili/weekly
Feed error: 403
append_entries: 0
error when rendering xml, skip docs/Bilibili每周必看
------------------------------------------------------
Started: 2024-08-19 01:16:16.536641
Existing_entries: 393
Fetching from https://rsshub.app/bilibili/weekly
Feed error: 403
append_entries: 0
error when rendering xml, skip docs/Bilibili每周必看
------------------------------------------------------
Started: 2024-08-20 01:14:33.661467
Existing_entries: 393
Fetching from https://rsshub.app/bilibili/weekly
Feed error: 403
append_entries: 0
error when rendering xml, skip docs/Bilibili每周必看
------------------------------------------------------
Started: 2024-08-21 01:14:43.945177
Existing_entries: 393
Fetching from https://rsshub.app/bilibili/weekly
Feed error: 403
append_entries: 0
error when rendering xml, skip docs/Bilibili每周必看
------------------------------------------------------
Started: 2024-08-22 01:16:30.249301
Existing_entries: 393
Fetching from https://rsshub.app/bilibili/weekly
Feed error: 403
append_entries: 0
error when rendering xml, skip docs/Bilibili每周必看
------------------------------------------------------
Started: 2024-08-23 01:15:20.991034
Existing_entries: 393
Fetching from https://rsshub.app/bilibili/weekly
Feed error: 403
append_entries: 0
error when rendering xml, skip docs/Bilibili每周必看
------------------------------------------------------
Started: 2024-08-24 01:13:52.748974
Existing_entries: 393
Fetching from https://rsshub.app/bilibili/weekly
Feed error: 403
append_entries: 0
error when rendering xml, skip docs/Bilibili每周必看
------------------------------------------------------
Started: 2024-08-25 01:21:19.853086
Existing_entries: 393
Fetching from https://rsshub.app/bilibili/weekly
Feed error: 403
append_entries: 0
error when rendering xml, skip docs/Bilibili每周必看
------------------------------------------------------
Started: 2024-08-26 01:16:10.290070
Existing_entries: 393
Fetching from https://rsshub.app/bilibili/weekly
Feed error: 403
append_entries: 0
error when rendering xml, skip docs/Bilibili每周必看
------------------------------------------------------
Started: 2024-08-27 01:16:45.859970
Existing_entries: 393
Fetching from https://rsshub.app/bilibili/weekly
Feed error: 403
append_entries: 0
error when rendering xml, skip docs/Bilibili每周必看
------------------------------------------------------
Started: 2024-08-28 01:17:23.707029
Existing_entries: 393
Fetching from https://rsshub.app/bilibili/weekly
Feed error: 403
append_entries: 0
error when rendering xml, skip docs/Bilibili每周必看
------------------------------------------------------
Started: 2024-08-29 01:18:07.141248
Existing_entries: 393
Fetching from https://rsshub.app/bilibili/weekly
Feed error: 403
append_entries: 0
error when rendering xml, skip docs/Bilibili每周必看
------------------------------------------------------
Started: 2024-08-30 01:18:16.452402
Existing_entries: 393
Fetching from https://rsshub.app/bilibili/weekly
Feed error: 403
append_entries: 0
error when rendering xml, skip docs/Bilibili每周必看
------------------------------------------------------
Started: 2024-08-31 01:17:48.291704
Existing_entries: 393
Fetching from https://rsshub.app/bilibili/weekly
Feed error: 403
append_entries: 0
error when rendering xml, skip docs/Bilibili每周必看
------------------------------------------------------
Started: 2024-09-01 01:36:32.765194
Existing_entries: 393
Fetching from https://rsshub.app/bilibili/weekly
Feed error: 403
append_entries: 0
error when rendering xml, skip docs/Bilibili每周必看
------------------------------------------------------
Started: 2024-09-02 01:19:51.495744
Existing_entries: 393
Fetching from https://rsshub.app/bilibili/weekly
Feed error: 403
append_entries: 0
error when rendering xml, skip docs/Bilibili每周必看
------------------------------------------------------
Started: 2024-09-03 01:17:32.815350
Existing_entries: 393
Fetching from https://rsshub.app/bilibili/weekly
Feed error: 403
append_entries: 0
error when rendering xml, skip docs/Bilibili每周必看
------------------------------------------------------
Started: 2024-09-04 01:18:39.707937
Existing_entries: 393
Fetching from https://rsshub.app/bilibili/weekly
Feed error: 403
append_entries: 0
error when rendering xml, skip docs/Bilibili每周必看
------------------------------------------------------
Started: 2024-09-05 01:18:52.622609
Existing_entries: 393
Fetching from https://rsshub.app/bilibili/weekly
Feed error: 403
append_entries: 0
error when rendering xml, skip docs/Bilibili每周必看
------------------------------------------------------
Started: 2024-09-06 01:18:47.562201
Existing_entries: 393
Fetching from https://rsshub.app/bilibili/weekly
Feed error: 403
append_entries: 0
error when rendering xml, skip docs/Bilibili每周必看
------------------------------------------------------
Started: 2024-09-07 01:17:17.110846
Existing_entries: 393
Fetching from https://rsshub.app/bilibili/weekly
Feed error: 403
append_entries: 0
error when rendering xml, skip docs/Bilibili每周必看
------------------------------------------------------
Started: 2024-09-08 01:24:43.943927
Existing_entries: 393
Fetching from https://rsshub.app/bilibili/weekly
Feed error: 403
append_entries: 0
error when rendering xml, skip docs/Bilibili每周必看
------------------------------------------------------
Started: 2024-09-09 01:21:01.841480
Existing_entries: 393
Fetching from https://rsshub.app/bilibili/weekly
Feed error: 403
append_entries: 0
error when rendering xml, skip docs/Bilibili每周必看
------------------------------------------------------
Started: 2024-09-10 01:19:43.884522
Existing_entries: 393
Fetching from https://rsshub.app/bilibili/weekly
Feed error: 403
append_entries: 0
error when rendering xml, skip docs/Bilibili每周必看
------------------------------------------------------
Started: 2024-09-11 01:18:53.354133
Existing_entries: 393
Fetching from https://rsshub.app/bilibili/weekly
Feed error: 403
append_entries: 0
error when rendering xml, skip docs/Bilibili每周必看
------------------------------------------------------
Started: 2024-09-12 01:19:17.361666
Existing_entries: 393
Fetching from https://rsshub.app/bilibili/weekly
Feed error: 403
append_entries: 0
error when rendering xml, skip docs/Bilibili每周必看
------------------------------------------------------
Started: 2024-09-13 01:19:41.696135
Existing_entries: 393
Fetching from https://rsshub.app/bilibili/weekly
Feed error: 403
append_entries: 0
error when rendering xml, skip docs/Bilibili每周必看
------------------------------------------------------
Started: 2024-09-14 01:18:25.183312
Existing_entries: 393
Fetching from https://rsshub.app/bilibili/weekly
Feed error: 403
append_entries: 0
error when rendering xml, skip docs/Bilibili每周必看
------------------------------------------------------
Started: 2024-09-15 01:27:26.224800
Existing_entries: 393
Fetching from https://rsshub.app/bilibili/weekly
Feed error: 403
append_entries: 0
error when rendering xml, skip docs/Bilibili每周必看
------------------------------------------------------
Started: 2024-09-16 01:23:59.490045
Existing_entries: 393
Fetching from https://rsshub.app/bilibili/weekly
Feed error: 403
append_entries: 0
error when rendering xml, skip docs/Bilibili每周必看
------------------------------------------------------
Started: 2024-09-17 01:06:49.672230
Existing_entries: 393
Fetching from https://rsshub.app/bilibili/weekly
Feed error: 403
append_entries: 0
error when rendering xml, skip docs/Bilibili每周必看
------------------------------------------------------
Started: 2024-09-18 01:19:25.122608
Existing_entries: 393
Fetching from https://rsshub.app/bilibili/weekly
Feed error: 403
append_entries: 0
error when rendering xml, skip docs/Bilibili每周必看
------------------------------------------------------
Started: 2024-09-19 01:21:03.098276
Existing_entries: 393
Fetching from https://rsshub.app/bilibili/weekly
Feed error: 403
append_entries: 0
error when rendering xml, skip docs/Bilibili每周必看
------------------------------------------------------
Started: 2024-09-20 01:21:01.411531
Existing_entries: 393
Fetching from https://rsshub.app/bilibili/weekly
Feed error: 403
append_entries: 0
error when rendering xml, skip docs/Bilibili每周必看
------------------------------------------------------
Started: 2024-09-21 01:19:22.645209
Existing_entries: 393
Fetching from https://rsshub.app/bilibili/weekly
Feed error: 403
append_entries: 0
error when rendering xml, skip docs/Bilibili每周必看
------------------------------------------------------
Started: 2024-09-22 01:34:29.667582
Existing_entries: 393
Fetching from https://rsshub.app/bilibili/weekly
Feed error: 403
append_entries: 0
error when rendering xml, skip docs/Bilibili每周必看
------------------------------------------------------
Started: 2024-09-23 01:22:42.248203
Existing_entries: 393
Fetching from https://rsshub.app/bilibili/weekly
Feed error: 403
append_entries: 0
error when rendering xml, skip docs/Bilibili每周必看
------------------------------------------------------
Started: 2024-09-24 01:23:04.876199
Existing_entries: 393
Fetching from https://rsshub.app/bilibili/weekly
Feed error: 403
append_entries: 0
error when rendering xml, skip docs/Bilibili每周必看
------------------------------------------------------
Started: 2024-09-25 01:24:09.633136
Existing_entries: 393
Fetching from https://rsshub.app/bilibili/weekly
Feed error: 403
append_entries: 0
error when rendering xml, skip docs/Bilibili每周必看
------------------------------------------------------
Started: 2024-09-26 01:22:20.750262
Existing_entries: 393
Fetching from https://rsshub.app/bilibili/weekly
Feed error: 403
append_entries: 0
error when rendering xml, skip docs/Bilibili每周必看
------------------------------------------------------
Started: 2024-09-27 01:23:07.529524
Existing_entries: 393
Fetching from https://rsshub.app/bilibili/weekly
Feed error: 403
append_entries: 0
error when rendering xml, skip docs/Bilibili每周必看
------------------------------------------------------
Started: 2024-09-28 01:22:18.141593
Existing_entries: 393
Fetching from https://rsshub.app/bilibili/weekly
Feed error: 403
append_entries: 0
error when rendering xml, skip docs/Bilibili每周必看
------------------------------------------------------
Started: 2024-09-29 01:35:46.581972
Existing_entries: 393
Fetching from https://rsshub.app/bilibili/weekly
Feed error: 403
append_entries: 0
error when rendering xml, skip docs/Bilibili每周必看
------------------------------------------------------
Started: 2024-09-30 01:25:26.875148
Existing_entries: 393
Fetching from https://rsshub.app/bilibili/weekly
Feed error: 403
append_entries: 0
error when rendering xml, skip docs/Bilibili每周必看
------------------------------------------------------
Started: 2024-10-01 01:38:03.396123
Existing_entries: 393
Fetching from https://rsshub.app/bilibili/weekly
Feed error: 403
append_entries: 0
error when rendering xml, skip docs/Bilibili每周必看
------------------------------------------------------
Started: 2024-10-02 01:22:49.336764
Existing_entries: 393
Fetching from https://rsshub.app/bilibili/weekly
Feed error: 403
append_entries: 0
error when rendering xml, skip docs/Bilibili每周必看
------------------------------------------------------
Started: 2024-10-03 01:23:06.981951
Existing_entries: 393
Fetching from https://rsshub.app/bilibili/weekly
Feed error: 403
append_entries: 0
error when rendering xml, skip docs/Bilibili每周必看
------------------------------------------------------
Started: 2024-10-04 01:23:11.574729
Existing_entries: 393
Fetching from https://rsshub.app/bilibili/weekly
Feed error: 403
append_entries: 0
error when rendering xml, skip docs/Bilibili每周必看
------------------------------------------------------
Started: 2024-10-05 01:21:50.594556
Existing_entries: 393
Fetching from https://rsshub.app/bilibili/weekly
Feed error: 403
append_entries: 0
error when rendering xml, skip docs/Bilibili每周必看
------------------------------------------------------
Started: 2024-10-06 01:35:29.395885
Existing_entries: 393
Fetching from https://rsshub.app/bilibili/weekly
Feed error: 403
append_entries: 0
error when rendering xml, skip docs/Bilibili每周必看
------------------------------------------------------
Started: 2024-10-07 01:25:22.326218
Existing_entries: 393
Fetching from https://rsshub.app/bilibili/weekly
Feed error: 403
append_entries: 0
error when rendering xml, skip docs/Bilibili每周必看
------------------------------------------------------
Started: 2024-10-08 01:23:05.710735
Existing_entries: 393
Fetching from https://rsshub.app/bilibili/weekly
Feed error: 403
append_entries: 0
error when rendering xml, skip docs/Bilibili每周必看
------------------------------------------------------
Started: 2024-10-09 01:22:30.382452
Existing_entries: 393
Fetching from https://rsshub.app/bilibili/weekly
Feed error: 403
append_entries: 0
error when rendering xml, skip docs/Bilibili每周必看
------------------------------------------------------
Started: 2024-10-10 01:22:38.459194
Existing_entries: 393
Fetching from https://rsshub.app/bilibili/weekly
Feed error: 403
append_entries: 0
error when rendering xml, skip docs/Bilibili每周必看
------------------------------------------------------
Started: 2024-10-11 01:22:38.726051
Existing_entries: 393
Fetching from https://rsshub.app/bilibili/weekly
Feed error: 403
append_entries: 0
error when rendering xml, skip docs/Bilibili每周必看
------------------------------------------------------
Started: 2024-10-12 01:20:47.919855
Existing_entries: 393
Fetching from https://rsshub.app/bilibili/weekly
Feed error: 403
append_entries: 0
error when rendering xml, skip docs/Bilibili每周必看
------------------------------------------------------
Started: 2024-10-13 01:34:56.581204
Existing_entries: 393
Fetching from https://rsshub.app/bilibili/weekly
Feed error: 403
append_entries: 0
error when rendering xml, skip docs/Bilibili每周必看
------------------------------------------------------
Started: 2024-10-14 01:25:00.815331
Existing_entries: 393
Fetching from https://rsshub.app/bilibili/weekly
Feed error: 403
append_entries: 0
error when rendering xml, skip docs/Bilibili每周必看
------------------------------------------------------
Started: 2024-10-15 01:24:01.277630
Existing_entries: 393
Fetching from https://rsshub.app/bilibili/weekly
Feed error: 403
append_entries: 0
error when rendering xml, skip docs/Bilibili每周必看
------------------------------------------------------
Started: 2024-10-16 01:24:07.584574
Existing_entries: 393
Fetching from https://rsshub.app/bilibili/weekly
Feed error: 403
append_entries: 0
error when rendering xml, skip docs/Bilibili每周必看
------------------------------------------------------
Started: 2024-10-17 01:23:27.115247
Existing_entries: 393
Fetching from https://rsshub.app/bilibili/weekly
Feed error: 403
append_entries: 0
error when rendering xml, skip docs/Bilibili每周必看
------------------------------------------------------
Started: 2024-10-18 01:23:29.589642
Existing_entries: 393
Fetching from https://rsshub.app/bilibili/weekly
Feed error: 403
append_entries: 0
error when rendering xml, skip docs/Bilibili每周必看
------------------------------------------------------
Started: 2024-10-19 01:22:20.051465
Existing_entries: 393
Fetching from https://rsshub.app/bilibili/weekly
Feed error: 403
append_entries: 0
error when rendering xml, skip docs/Bilibili每周必看
------------------------------------------------------
Started: 2024-10-20 01:36:48.220134
Existing_entries: 393
Fetching from https://rsshub.app/bilibili/weekly
Feed error: 403
append_entries: 0
error when rendering xml, skip docs/Bilibili每周必看
------------------------------------------------------
Started: 2024-10-21 01:25:13.212573
Existing_entries: 393
Fetching from https://rsshub.app/bilibili/weekly
Feed error: 403
append_entries: 0
error when rendering xml, skip docs/Bilibili每周必看
------------------------------------------------------
Started: 2024-10-22 01:24:11.126836
Existing_entries: 393
Fetching from https://rsshub.app/bilibili/weekly
Feed error: 403
append_entries: 0
error when rendering xml, skip docs/Bilibili每周必看
------------------------------------------------------
Started: 2024-10-23 01:22:57.173201
Existing_entries: 393
Fetching from https://rsshub.app/bilibili/weekly
Feed error: 403
append_entries: 0
error when rendering xml, skip docs/Bilibili每周必看
------------------------------------------------------
Started: 2024-10-24 01:23:04.736941
Existing_entries: 393
Fetching from https://rsshub.app/bilibili/weekly
Feed error: 403
append_entries: 0
error when rendering xml, skip docs/Bilibili每周必看
------------------------------------------------------
Started: 2024-10-25 01:23:59.548705
Existing_entries: 393
Fetching from https://rsshub.app/bilibili/weekly
Feed error: 403
append_entries: 0
error when rendering xml, skip docs/Bilibili每周必看
------------------------------------------------------
Started: 2024-10-26 01:21:15.995953
Existing_entries: 393
Fetching from https://rsshub.app/bilibili/weekly
Feed error: 403
append_entries: 0
error when rendering xml, skip docs/Bilibili每周必看
------------------------------------------------------
Started: 2024-10-27 01:36:05.818048
Existing_entries: 393
Fetching from https://rsshub.app/bilibili/weekly
Feed error: 403
append_entries: 0
error when rendering xml, skip docs/Bilibili每周必看
------------------------------------------------------
Started: 2024-10-28 01:26:32.497928
Existing_entries: 393
Fetching from https://rsshub.app/bilibili/weekly
Feed error: 403
append_entries: 0
error when rendering xml, skip docs/Bilibili每周必看
------------------------------------------------------
Started: 2024-10-29 01:25:05.917077
Existing_entries: 393
Fetching from https://rsshub.app/bilibili/weekly
Feed error: 403
append_entries: 0
error when rendering xml, skip docs/Bilibili每周必看
------------------------------------------------------
Started: 2024-10-30 01:24:06.251014
Existing_entries: 393
Fetching from https://rsshub.app/bilibili/weekly
Feed error: 403
append_entries: 0
error when rendering xml, skip docs/Bilibili每周必看
------------------------------------------------------
Started: 2024-10-31 01:24:57.281516
Existing_entries: 393
Fetching from https://rsshub.app/bilibili/weekly
Feed error: 403
append_entries: 0
error when rendering xml, skip docs/Bilibili每周必看
------------------------------------------------------
Started: 2024-11-01 01:37:34.457618
Existing_entries: 393
Fetching from https://rsshub.app/bilibili/weekly
Feed error: 403
append_entries: 0
error when rendering xml, skip docs/Bilibili每周必看
------------------------------------------------------
Started: 2024-11-02 01:22:16.483540
Existing_entries: 393
Fetching from https://rsshub.app/bilibili/weekly
Feed error: 403
append_entries: 0
error when rendering xml, skip docs/Bilibili每周必看
------------------------------------------------------
Started: 2024-11-03 01:35:56.817375
Existing_entries: 393
Fetching from https://rsshub.app/bilibili/weekly
Feed error: 403
append_entries: 0
error when rendering xml, skip docs/Bilibili每周必看
------------------------------------------------------
Started: 2024-11-04 01:25:08.957318
Existing_entries: 393
Fetching from https://rsshub.app/bilibili/weekly
Feed error: 403
append_entries: 0
error when rendering xml, skip docs/Bilibili每周必看
------------------------------------------------------
Started: 2024-11-05 01:21:53.824354
Existing_entries: 393
Fetching from https://rsshub.app/bilibili/weekly
Feed error: 403
append_entries: 0
error when rendering xml, skip docs/Bilibili每周必看
------------------------------------------------------
Started: 2024-11-06 01:21:34.583446
Existing_entries: 393
Fetching from https://rsshub.app/bilibili/weekly
Feed error: 403
append_entries: 0
error when rendering xml, skip docs/Bilibili每周必看
------------------------------------------------------
Started: 2024-11-07 01:22:08.480590
Existing_entries: 393
Fetching from https://rsshub.app/bilibili/weekly
Feed error: 403
append_entries: 0
error when rendering xml, skip docs/Bilibili每周必看
------------------------------------------------------
Started: 2024-11-08 01:22:08.688537
Existing_entries: 393
Fetching from https://rsshub.app/bilibili/weekly
Feed error: 403
append_entries: 0
error when rendering xml, skip docs/Bilibili每周必看
------------------------------------------------------
Started: 2024-11-09 01:20:12.033416
Existing_entries: 393
Fetching from https://rsshub.app/bilibili/weekly
Feed error: 403
append_entries: 0
error when rendering xml, skip docs/Bilibili每周必看
------------------------------------------------------
Started: 2024-11-10 01:26:55.625556
Existing_entries: 393
Fetching from https://rsshub.app/bilibili/weekly
Feed error: 403
append_entries: 0
error when rendering xml, skip docs/Bilibili每周必看
------------------------------------------------------
Started: 2024-11-11 01:23:33.033029
Existing_entries: 393
Fetching from https://rsshub.app/bilibili/weekly
Feed error: 403
append_entries: 0
error when rendering xml, skip docs/Bilibili每周必看
------------------------------------------------------
Started: 2024-11-12 01:21:09.362371
Existing_entries: 393
Fetching from https://rsshub.app/bilibili/weekly
Feed error: 403
append_entries: 0
error when rendering xml, skip docs/Bilibili每周必看
------------------------------------------------------
Started: 2024-11-13 01:22:48.878458
Existing_entries: 393
Fetching from https://rsshub.app/bilibili/weekly
Feed error: 403
append_entries: 0
error when rendering xml, skip docs/Bilibili每周必看
------------------------------------------------------
Started: 2024-11-14 01:22:51.326347
Existing_entries: 393
Fetching from https://rsshub.app/bilibili/weekly
Feed error: 403
append_entries: 0
error when rendering xml, skip docs/Bilibili每周必看
------------------------------------------------------
Started: 2024-11-15 01:27:54.868139
Existing_entries: 393
Fetching from https://rsshub.app/bilibili/weekly
Feed error: 403
append_entries: 0
error when rendering xml, skip docs/Bilibili每周必看
------------------------------------------------------
Started: 2024-11-16 01:25:56.201927
Existing_entries: 393
Fetching from https://rsshub.app/bilibili/weekly
Feed error: 403
append_entries: 0
error when rendering xml, skip docs/Bilibili每周必看
------------------------------------------------------
Started: 2024-11-17 01:39:03.698533
Existing_entries: 393
Fetching from https://rsshub.app/bilibili/weekly
Feed error: 403
append_entries: 0
error when rendering xml, skip docs/Bilibili每周必看
------------------------------------------------------
Started: 2024-11-18 01:37:22.810138
Existing_entries: 393
Fetching from https://rsshub.app/bilibili/weekly
Feed error: 403
append_entries: 0
error when rendering xml, skip docs/Bilibili每周必看
------------------------------------------------------
Started: 2024-11-19 01:27:49.836978
Existing_entries: 393
Fetching from https://rsshub.app/bilibili/weekly
Feed error: 403
append_entries: 0
error when rendering xml, skip docs/Bilibili每周必看
------------------------------------------------------
Started: 2024-11-20 01:26:43.785828
Existing_entries: 393
Fetching from https://rsshub.app/bilibili/weekly
Feed error: 403
append_entries: 0
error when rendering xml, skip docs/Bilibili每周必看
------------------------------------------------------
Started: 2024-11-21 01:26:48.479674
Existing_entries: 393
Fetching from https://rsshub.app/bilibili/weekly
Feed error: 403
append_entries: 0
error when rendering xml, skip docs/Bilibili每周必看
------------------------------------------------------
Started: 2024-11-22 01:35:25.141194
Existing_entries: 393
Fetching from https://rsshub.app/bilibili/weekly
Feed error: 403
append_entries: 0
error when rendering xml, skip docs/Bilibili每周必看
------------------------------------------------------
Started: 2024-11-23 01:25:47.056332
Existing_entries: 393
Fetching from https://rsshub.app/bilibili/weekly
Feed error: 403
append_entries: 0
error when rendering xml, skip docs/Bilibili每周必看
------------------------------------------------------
Started: 2024-11-24 01:39:47.876795
Existing_entries: 393
Fetching from https://rsshub.app/bilibili/weekly
Feed error: 403
append_entries: 0
error when rendering xml, skip docs/Bilibili每周必看
------------------------------------------------------
Started: 2024-11-25 01:37:06.286182
Existing_entries: 393
Fetching from https://rsshub.app/bilibili/weekly
Feed error: 403
append_entries: 0
error when rendering xml, skip docs/Bilibili每周必看
------------------------------------------------------
Started: 2024-11-26 01:35:57.786792
Existing_entries: 393
Fetching from https://rsshub.app/bilibili/weekly
Feed error: 403
append_entries: 0
error when rendering xml, skip docs/Bilibili每周必看
------------------------------------------------------
Started: 2024-11-27 01:37:43.985797
Existing_entries: 393
Fetching from https://rsshub.app/bilibili/weekly
Feed error: 403
append_entries: 0
error when rendering xml, skip docs/Bilibili每周必看
------------------------------------------------------
Started: 2024-11-28 01:37:08.884803
Existing_entries: 393
Fetching from https://rsshub.app/bilibili/weekly
Feed error: 403
append_entries: 0
error when rendering xml, skip docs/Bilibili每周必看
------------------------------------------------------
Started: 2024-11-29 01:37:05.986944
Existing_entries: 393
Fetching from https://rsshub.app/bilibili/weekly
Feed error: 403
append_entries: 0
error when rendering xml, skip docs/Bilibili每周必看
------------------------------------------------------
Started: 2024-11-30 01:27:00.224354
Existing_entries: 393
Fetching from https://rsshub.app/bilibili/weekly
Feed error: 403
append_entries: 0
error when rendering xml, skip docs/Bilibili每周必看
------------------------------------------------------
Started: 2024-12-01 01:50:24.268294
Existing_entries: 393
Fetching from https://rsshub.app/bilibili/weekly
Feed error: 403
append_entries: 0
error when rendering xml, skip docs/Bilibili每周必看
------------------------------------------------------
Started: 2024-12-02 01:40:12.390436
Existing_entries: 393
Fetching from https://rsshub.app/bilibili/weekly
Feed error: 403
append_entries: 0
error when rendering xml, skip docs/Bilibili每周必看
------------------------------------------------------
Started: 2024-12-03 01:38:49.559426
Existing_entries: 393
Fetching from https://rsshub.app/bilibili/weekly
Feed error: 403
append_entries: 0
error when rendering xml, skip docs/Bilibili每周必看
------------------------------------------------------
Started: 2024-12-04 01:39:12.961959
Existing_entries: 393
Fetching from https://rsshub.app/bilibili/weekly
Feed error: 403
append_entries: 0
error when rendering xml, skip docs/Bilibili每周必看
------------------------------------------------------
Started: 2024-12-05 01:39:15.136469
Existing_entries: 393
Fetching from https://rsshub.app/bilibili/weekly
Feed error: 403
append_entries: 0
error when rendering xml, skip docs/Bilibili每周必看
------------------------------------------------------
Started: 2024-12-06 01:37:55.758592
Existing_entries: 393
Fetching from https://rsshub.app/bilibili/weekly
Feed error: 403
append_entries: 0
error when rendering xml, skip docs/Bilibili每周必看
------------------------------------------------------
Started: 2024-12-07 01:36:58.621183
Existing_entries: 393
Fetching from https://rsshub.app/bilibili/weekly
Feed error: 403
append_entries: 0
error when rendering xml, skip docs/Bilibili每周必看
------------------------------------------------------
Started: 2024-12-08 01:44:38.828030
Existing_entries: 393
Fetching from https://rsshub.app/bilibili/weekly
Feed error: 403
append_entries: 0
error when rendering xml, skip docs/Bilibili每周必看
------------------------------------------------------
Started: 2024-12-09 01:41:46.921124
Existing_entries: 393
Fetching from https://rsshub.app/bilibili/weekly
Feed error: 403
append_entries: 0
error when rendering xml, skip docs/Bilibili每周必看
------------------------------------------------------
Started: 2024-12-10 01:40:25.880829
Existing_entries: 393
Fetching from https://rsshub.app/bilibili/weekly
Feed error: 403
append_entries: 0
error when rendering xml, skip docs/Bilibili每周必看
------------------------------------------------------
Started: 2024-12-11 01:39:08.052386
Existing_entries: 393
Fetching from https://rsshub.app/bilibili/weekly
Feed error: 403
append_entries: 0
error when rendering xml, skip docs/Bilibili每周必看
------------------------------------------------------
Started: 2024-12-12 01:38:35.314231
Existing_entries: 393
Fetching from https://rsshub.app/bilibili/weekly
Feed error: 403
append_entries: 0
error when rendering xml, skip docs/Bilibili每周必看
------------------------------------------------------
Started: 2024-12-13 01:39:59.892211
Existing_entries: 393
Fetching from https://rsshub.app/bilibili/weekly
Feed error: 403
append_entries: 0
error when rendering xml, skip docs/Bilibili每周必看
------------------------------------------------------
Started: 2024-12-14 01:35:28.480899
Existing_entries: 393
Fetching from https://rsshub.app/bilibili/weekly
Feed error: 403
append_entries: 0
error when rendering xml, skip docs/Bilibili每周必看
------------------------------------------------------
Started: 2024-12-15 01:44:34.581164
Existing_entries: 393
Fetching from https://rsshub.app/bilibili/weekly
Feed error: 403
append_entries: 0
error when rendering xml, skip docs/Bilibili每周必看
------------------------------------------------------
Started: 2024-12-16 01:41:47.418328
Existing_entries: 393
Fetching from https://rsshub.app/bilibili/weekly
Feed error: 403
append_entries: 0
error when rendering xml, skip docs/Bilibili每周必看
------------------------------------------------------
Started: 2024-12-17 01:38:25.764602
Existing_entries: 393
Fetching from https://rsshub.app/bilibili/weekly
Feed error: 403
append_entries: 0
error when rendering xml, skip docs/Bilibili每周必看
------------------------------------------------------
Started: 2024-12-18 01:27:17.506492
Existing_entries: 393
Fetching from https://rsshub.app/bilibili/weekly
Feed error: 403
append_entries: 0
error when rendering xml, skip docs/Bilibili每周必看
------------------------------------------------------
Started: 2024-12-19 01:35:47.149135
Existing_entries: 393
Fetching from https://rsshub.app/bilibili/weekly
Feed error: 403
append_entries: 0
error when rendering xml, skip docs/Bilibili每周必看
------------------------------------------------------
Started: 2024-12-20 01:24:00.322545
Existing_entries: 393
Fetching from https://rsshub.app/bilibili/weekly
Feed error: 403
append_entries: 0
error when rendering xml, skip docs/Bilibili每周必看
------------------------------------------------------
Started: 2024-12-21 01:22:15.482545
Existing_entries: 393
Fetching from https://rsshub.app/bilibili/weekly
Feed error: 403
append_entries: 0
error when rendering xml, skip docs/Bilibili每周必看
------------------------------------------------------
Started: 2024-12-22 01:36:40.463566
Existing_entries: 393
Fetching from https://rsshub.app/bilibili/weekly
Feed error: 403
append_entries: 0
error when rendering xml, skip docs/Bilibili每周必看
------------------------------------------------------
Started: 2024-12-23 01:24:54.586407
Existing_entries: 393
Fetching from https://rsshub.app/bilibili/weekly
Feed error: 403
append_entries: 0
error when rendering xml, skip docs/Bilibili每周必看
------------------------------------------------------
Started: 2024-12-24 01:23:33.362152
Existing_entries: 393
Fetching from https://rsshub.app/bilibili/weekly
Feed error: 403
append_entries: 0
error when rendering xml, skip docs/Bilibili每周必看
------------------------------------------------------
Started: 2024-12-25 01:22:34.851581
Existing_entries: 393
Fetching from https://rsshub.app/bilibili/weekly
Feed error: 403
append_entries: 0
error when rendering xml, skip docs/Bilibili每周必看
------------------------------------------------------
Started: 2024-12-26 01:22:45.806161
Existing_entries: 393
Fetching from https://rsshub.app/bilibili/weekly
Feed error: 403
append_entries: 0
error when rendering xml, skip docs/Bilibili每周必看
------------------------------------------------------
Started: 2024-12-27 01:23:18.622446
Existing_entries: 393
Fetching from https://rsshub.app/bilibili/weekly
Feed error: 403
append_entries: 0
error when rendering xml, skip docs/Bilibili每周必看
------------------------------------------------------
Started: 2024-12-28 01:21:47.356263
Existing_entries: 393
Fetching from https://rsshub.app/bilibili/weekly
Feed error: 403
append_entries: 0
error when rendering xml, skip docs/Bilibili每周必看
------------------------------------------------------
Started: 2024-12-29 01:37:28.517791
Existing_entries: 393
Fetching from https://rsshub.app/bilibili/weekly
Feed error: 403
append_entries: 0
error when rendering xml, skip docs/Bilibili每周必看
------------------------------------------------------
Started: 2024-12-30 01:25:39.181212
Existing_entries: 393
Fetching from https://rsshub.app/bilibili/weekly
Feed error: 403
append_entries: 0
error when rendering xml, skip docs/Bilibili每周必看
------------------------------------------------------
Started: 2024-12-31 01:23:01.074693
Existing_entries: 393
Fetching from https://rsshub.app/bilibili/weekly
Feed error: 403
append_entries: 0
error when rendering xml, skip docs/Bilibili每周必看
------------------------------------------------------
Started: 2025-01-01 01:37:37.017844
Existing_entries: 393
Fetching from https://rsshub.app/bilibili/weekly
Feed error: 403
append_entries: 0
error when rendering xml, skip docs/Bilibili每周必看
------------------------------------------------------
Started: 2025-01-02 01:22:44.117034
Existing_entries: 393
Fetching from https://rsshub.app/bilibili/weekly
Feed error: 403
append_entries: 0
error when rendering xml, skip docs/Bilibili每周必看
------------------------------------------------------
Started: 2025-01-03 01:23:47.768092
Existing_entries: 393
Fetching from https://rsshub.app/bilibili/weekly
Feed error: 403
append_entries: 0
error when rendering xml, skip docs/Bilibili每周必看
------------------------------------------------------
Started: 2025-01-04 01:22:00.239739
Existing_entries: 393
Fetching from https://rsshub.app/bilibili/weekly
Feed error: 403
append_entries: 0
error when rendering xml, skip docs/Bilibili每周必看
------------------------------------------------------
Started: 2025-01-05 01:36:47.875762
Existing_entries: 393
Fetching from https://rsshub.app/bilibili/weekly
Feed error: 403
append_entries: 0
error when rendering xml, skip docs/Bilibili每周必看
------------------------------------------------------
Started: 2025-01-06 01:27:10.847266
Existing_entries: 393
Fetching from https://rsshub.app/bilibili/weekly
Feed error: 403
append_entries: 0
error when rendering xml, skip docs/Bilibili每周必看
------------------------------------------------------
Started: 2025-01-07 01:24:10.485648
Existing_entries: 393
Fetching from https://rsshub.app/bilibili/weekly
Feed error: 403
append_entries: 0
error when rendering xml, skip docs/Bilibili每周必看
------------------------------------------------------
Started: 2025-01-08 01:23:53.381978
Existing_entries: 393
Fetching from https://rsshub.app/bilibili/weekly
Feed error: 403
append_entries: 0
error when rendering xml, skip docs/Bilibili每周必看
------------------------------------------------------
Started: 2025-01-09 01:23:18.852358
Existing_entries: 393
Fetching from https://rsshub.app/bilibili/weekly
Feed error: 403
append_entries: 0
error when rendering xml, skip docs/Bilibili每周必看
------------------------------------------------------
Started: 2025-01-10 01:25:44.483648
Existing_entries: 393
Fetching from https://rsshub.app/bilibili/weekly
Feed error: 403
append_entries: 0
error when rendering xml, skip docs/Bilibili每周必看
------------------------------------------------------
Started: 2025-01-11 01:24:05.130808
Existing_entries: 393
Fetching from https://rsshub.app/bilibili/weekly
Feed error: 403
append_entries: 0
error when rendering xml, skip docs/Bilibili每周必看
------------------------------------------------------
Started: 2025-01-12 01:38:13.829022
Existing_entries: 393
Fetching from https://rsshub.app/bilibili/weekly
Feed error: 403
append_entries: 0
error when rendering xml, skip docs/Bilibili每周必看
------------------------------------------------------
Started: 2025-01-13 01:27:36.851493
Existing_entries: 393
Fetching from https://rsshub.app/bilibili/weekly
Feed error: 403
append_entries: 0
error when rendering xml, skip docs/Bilibili每周必看
------------------------------------------------------
Started: 2025-01-14 01:20:18.069978
Existing_entries: 393
Fetching from https://rsshub.app/bilibili/weekly
Feed error: 403
append_entries: 0
error when rendering xml, skip docs/Bilibili每周必看
------------------------------------------------------
Started: 2025-01-15 01:21:54.722465
Existing_entries: 393
Fetching from https://rsshub.app/bilibili/weekly
Feed error: 403
append_entries: 0
error when rendering xml, skip docs/Bilibili每周必看
------------------------------------------------------
Started: 2025-01-16 01:21:13.973759
Existing_entries: 393
Fetching from https://rsshub.app/bilibili/weekly
Feed error: 403
append_entries: 0
error when rendering xml, skip docs/Bilibili每周必看
------------------------------------------------------
Started: 2025-01-17 01:20:48.055109
Existing_entries: 393
Fetching from https://rsshub.app/bilibili/weekly
Feed error: 403
append_entries: 0
error when rendering xml, skip docs/Bilibili每周必看
------------------------------------------------------
Started: 2025-01-18 01:19:06.132658
Existing_entries: 393
Fetching from https://rsshub.app/bilibili/weekly
Feed error: 403
append_entries: 0
error when rendering xml, skip docs/Bilibili每周必看
------------------------------------------------------
Started: 2025-01-19 01:27:05.492698
Existing_entries: 393
Fetching from https://rsshub.app/bilibili/weekly
Feed error: 403
append_entries: 0
error when rendering xml, skip docs/Bilibili每周必看
------------------------------------------------------
Started: 2025-01-20 01:22:44.057984
Existing_entries: 393
Fetching from https://rsshub.app/bilibili/weekly
Feed error: 403
append_entries: 0
error when rendering xml, skip docs/Bilibili每周必看
------------------------------------------------------
Started: 2025-01-21 01:21:13.799185
Existing_entries: 393
Fetching from https://rsshub.app/bilibili/weekly
Feed error: 403
append_entries: 0
error when rendering xml, skip docs/Bilibili每周必看
------------------------------------------------------
Started: 2025-01-22 01:23:05.013509
Existing_entries: 393
Fetching from https://rsshub.app/bilibili/weekly
Feed error: 403
append_entries: 0
error when rendering xml, skip docs/Bilibili每周必看
------------------------------------------------------
Started: 2025-01-23 01:21:34.083345
Existing_entries: 393
Fetching from https://rsshub.app/bilibili/weekly
Feed error: 403
append_entries: 0
error when rendering xml, skip docs/Bilibili每周必看
------------------------------------------------------
Started: 2025-01-24 01:21:36.063224
Existing_entries: 393
Fetching from https://rsshub.app/bilibili/weekly
Feed error: 403
append_entries: 0
error when rendering xml, skip docs/Bilibili每周必看
------------------------------------------------------
Started: 2025-01-25 01:17:56.675353
Existing_entries: 393
Fetching from https://rsshub.app/bilibili/weekly
Feed error: 403
append_entries: 0
error when rendering xml, skip docs/Bilibili每周必看
------------------------------------------------------
Started: 2025-01-26 01:24:05.933875
Existing_entries: 393
Fetching from https://rsshub.app/bilibili/weekly
Feed error: 403
append_entries: 0
error when rendering xml, skip docs/Bilibili每周必看
------------------------------------------------------
Started: 2025-01-27 01:22:50.387304
Existing_entries: 393
Fetching from https://rsshub.app/bilibili/weekly
Feed error: 403
append_entries: 0
error when rendering xml, skip docs/Bilibili每周必看
------------------------------------------------------
Started: 2025-01-28 01:21:14.705517
Existing_entries: 393
Fetching from https://rsshub.app/bilibili/weekly
Feed error: 403
append_entries: 0
error when rendering xml, skip docs/Bilibili每周必看
------------------------------------------------------
Started: 2025-01-29 01:21:12.580972
Existing_entries: 393
Fetching from https://rsshub.app/bilibili/weekly
Feed error: 403
append_entries: 0
error when rendering xml, skip docs/Bilibili每周必看
------------------------------------------------------
Started: 2025-01-30 01:20:27.872538
Existing_entries: 393
Fetching from https://rsshub.app/bilibili/weekly
Feed error: 403
append_entries: 0
error when rendering xml, skip docs/Bilibili每周必看
------------------------------------------------------
Started: 2025-01-31 01:21:52.555005
Existing_entries: 393
Fetching from https://rsshub.app/bilibili/weekly
Feed error: 403
append_entries: 0
error when rendering xml, skip docs/Bilibili每周必看
------------------------------------------------------
Started: 2025-02-01 01:26:03.670495
Existing_entries: 393
Fetching from https://rsshub.app/bilibili/weekly
Feed error: 403
append_entries: 0
error when rendering xml, skip docs/Bilibili每周必看
------------------------------------------------------
Started: 2025-02-02 01:25:29.224381
Existing_entries: 393
Fetching from https://rsshub.app/bilibili/weekly
Feed error: 403
append_entries: 0
error when rendering xml, skip docs/Bilibili每周必看
------------------------------------------------------
Started: 2025-02-03 01:22:39.638541
Existing_entries: 393
Fetching from https://rsshub.app/bilibili/weekly
Feed error: 403
append_entries: 0
error when rendering xml, skip docs/Bilibili每周必看
------------------------------------------------------
Started: 2025-02-04 01:21:48.101828
Existing_entries: 393
Fetching from https://rsshub.app/bilibili/weekly
Feed error: 403
append_entries: 0
error when rendering xml, skip docs/Bilibili每周必看
------------------------------------------------------
Started: 2025-02-05 01:22:58.202713
Existing_entries: 393
Fetching from https://rsshub.app/bilibili/weekly
Feed error: 403
append_entries: 0
error when rendering xml, skip docs/Bilibili每周必看
------------------------------------------------------
Started: 2025-02-06 01:23:01.367632
Existing_entries: 393
Fetching from https://rsshub.app/bilibili/weekly
Feed error: 403
append_entries: 0
error when rendering xml, skip docs/Bilibili每周必看
------------------------------------------------------
Started: 2025-02-07 01:23:00.640352
Existing_entries: 393
Fetching from https://rsshub.app/bilibili/weekly
Feed error: 403
append_entries: 0
error when rendering xml, skip docs/Bilibili每周必看
------------------------------------------------------
Started: 2025-02-08 01:20:36.892883
Existing_entries: 393
Fetching from https://rsshub.app/bilibili/weekly
Feed error: 403
append_entries: 0
error when rendering xml, skip docs/Bilibili每周必看
------------------------------------------------------
Started: 2025-02-09 01:26:48.923694
Existing_entries: 393
Fetching from https://rsshub.app/bilibili/weekly
Feed error: 403
append_entries: 0
error when rendering xml, skip docs/Bilibili每周必看
------------------------------------------------------
Started: 2025-02-10 01:23:53.519324
Existing_entries: 393
Fetching from https://rsshub.app/bilibili/weekly
Feed error: 403
append_entries: 0
error when rendering xml, skip docs/Bilibili每周必看
------------------------------------------------------
Started: 2025-02-11 01:22:40.227826
Existing_entries: 393
Fetching from https://rsshub.app/bilibili/weekly
Feed error: 403
append_entries: 0
error when rendering xml, skip docs/Bilibili每周必看
------------------------------------------------------
Started: 2025-02-12 01:23:01.982542
Existing_entries: 393
Fetching from https://rsshub.app/bilibili/weekly
Feed error: 403
append_entries: 0
error when rendering xml, skip docs/Bilibili每周必看
------------------------------------------------------
Started: 2025-02-17 00:57:26.450412
Existing_entries: 393
Fetching from https://rsshub.app/bilibili/weekly
Feed error: 403
append_entries: 0
error when rendering xml, skip docs/Bilibili每周必看
------------------------------------------------------
Started: 2025-02-24 00:57:22.738496
Existing_entries: 393
Fetching from https://rsshub.app/bilibili/weekly
Feed error: 403
append_entries: 0
error when rendering xml, skip docs/Bilibili每周必看
------------------------------------------------------
Started: 2025-03-03 00:58:30.379742
Existing_entries: 393
Fetching from https://rsshub.app/bilibili/weekly
Feed error: 403
append_entries: 0
error when rendering xml, skip docs/Bilibili每周必看
------------------------------------------------------
Started: 2025-03-10 00:48:44.634906
Existing_entries: 393
Fetching from https://rsshub.app/bilibili/weekly
Feed error: 403
append_entries: 0
error when rendering xml, skip docs/Bilibili每周必看
------------------------------------------------------
Started: 2025-03-17 00:59:40.861521
Existing_entries: 393
Fetching from https://rsshub.app/bilibili/weekly
Feed error: 403
append_entries: 0
error when rendering xml, skip docs/Bilibili每周必看
------------------------------------------------------
Started: 2025-03-24 01:00:44.091984
Existing_entries: 393
Fetching from https://rsshub.app/bilibili/weekly
Feed error: 403
append_entries: 0
error when rendering xml, skip docs/Bilibili每周必看
------------------------------------------------------
Started: 2025-03-31 01:02:21.091296
Existing_entries: 393
Fetching from https://rsshub.app/bilibili/weekly
Feed error: 403
append_entries: 0
error when rendering xml, skip docs/Bilibili每周必看
------------------------------------------------------
Started: 2025-04-07 01:01:21.201155
Existing_entries: 393
Fetching from https://rsshub.app/bilibili/weekly
Feed error: 403
append_entries: 0
error when rendering xml, skip docs/Bilibili每周必看
